Data,Dinheiro,PIX,Master,Visa,Elo,Master.1,Visa.1,Elo.1,AmEx,Diners,Master.2,Visa.2,Elo.2,AmEx.1,Diners.1,Master.3,Visa.3,Elo.3,AmEx.2,Diners.2,Total,Unnamed: 22,Data.1,Unnamed: 24,Unnamed: 25,Unnamed: 26,Unnamed: 27,Unnamed: 28,Unnamed: 29,Unnamed: 30,Unnamed: 31,Unnamed: 32,Unnamed: 33,Unnamed: 34,Unnamed: 35,Unnamed: 36,Unnamed: 37,Unnamed: 38,Unnamed: 39,Unnamed: 40,Unnamed: 41,Unnamed: 42,Unnamed: 43,Total.1,Unnamed: 45,Taxas de Cartões,Unnamed: 47,Unnamed: 48,Unnamed: 49,Unnamed: 50,Unnamed: 51,Unnamed: 52,Unnamed: 53,Total_do_Dia,Total_Dinheiro,Total_PIX,Total_Debito,Total_Credito_1x,Total_Credito_2x,Total_Credito_3x,Total_Credito,Mes_Ano
2025-01-01,0.0,0.0,0.0,0.0,0.0,0.0,0.0,0.0,0.0,0,0.0,0.0,0.0,0,0,0.0,0.0,0.0,0,0,0.0,0.0,2025-01-01,0.0,0,0.0,0,0.0,0,0.0,0,0.0,0,0.0,0,0.0,0,0.0,0,0.0,0,0.0,0,0.0,0.0,Débito,0.0,Crédito 1x,0.0,Crédito 2x,0.0,Crédito 3x,0.0,0.0,0.0,0.0,0.0,0.0,0.0,0.0,0.0,2025-01
2025-01-02,5.0,724.63,0.0,0.0,0.0,0.0,0.0,0.0,0.0,0,0.0,0.0,0.0,0,0,0.0,0.0,0.0,0,0,734.63,0.0,2025-01-02,10.0,Fretes,2800.0,Consignado,25.0,Microsoft,98.65,Cursos ,100.0,Loja,902.37,Mercadorias,1700.0,Pró-Labore,311.89,EMIVE,380.0,Presence,470.0,Contabilidade,6797.91,0.0,Master,0.0093,Master,0.0314,Master,0.0713,Master,0.0771,729.63,5.0,724.63,0.0,0.0,0.0,0.0,0.0,2025-01
2025-01-03,0.0,0.0,0.0,0.0,79.9,0.0,0.0,0.0,0.0,0,0.0,0.0,0.0,0,0,0.0,0.0,0.0,0,0,79.9,0.0,2025-01-03,0.0,0,0.0,0,0.0,0,0.0,0,0.0,0,0.0,0,0.0,0,0.0,0,0.0,0,0.0,0,0.0,0.0,Visa,0.0093,Visa,0.0314,Visa,0.0713,Visa,0.0771,79.9,0.0,0.0,79.9,0.0,0.0,0.0,0.0,2025-01
2025-01-04,20.0,59.0,509.3,0.0,0.0,309.6,99.8,0.0,79.9,0,0.0,0.0,0.0,0,0,0.0,0.0,0.0,0,0,1077.6,0.0,2025-01-04,343.35,Comissão,60.0,Diária (s),0.0,0,0.0,0,0.0,0,0.0,0,0.0,0,0.0,0,0.0,0,0.0,0,403.35,0.0,Elo,0.0143,Elo,0.0364,Elo,0.0763,Elo,0.0821,1077.6,20.0,59.0,509.3,489.30000000000007,0.0,0.0,489.30000000000007,2025-01
2025-01-05,0.0,0.0,0.0,0.0,0.0,0.0,0.0,0.0,0.0,0,0.0,0.0,0.0,0,0,0.0,0.0,0.0,0,0,0.0,0.0,2025-01-05,0.0,0,0.0,0,0.0,0,0.0,0,0.0,0,0.0,0,0.0,0,0.0,0,0.0,0,0.0,0,0.0,0.0,0,0.0,AmEx,0.0364,AmEx,0.0763,AmEx,0.0821,0.0,0.0,0.0,0.0,0.0,0.0,0.0,0.0,2025-01
2025-01-06,0.0,325.7,0.0,0.0,79.9,0.0,0.0,0.0,0.0,0,0.0,0.0,0.0,0,0,0.0,0.0,0.0,0,0,405.5,0.0,2025-01-06,325.17,Cartão de Crédito,10.0,Fretes,0.0,0,0.0,0,0.0,0,0.0,0,0.0,0,0.0,0,0.0,0,0.0,0,335.17,0.0,0,0.0,Diners,0.0314,Diners,0.0713,Diners,0.0771,405.6,0.0,325.7,79.9,0.0,0.0,0.0,0.0,2025-01
2025-01-07,0.0,79.9,0.0,0.0,0.0,0.0,0.0,0.0,0.0,0,0.0,0.0,0.0,0,0,239.7,0.0,0.0,0,0,319.6,0.0,2025-01-07,0.0,0,0.0,0,0.0,0,0.0,0,0.0,0,0.0,0,0.0,0,0.0,0,0.0,0,0.0,0,0.0,0.0,0,0.0,Markup,0.0,0,0.0,0,0.0,319.6,0.0,79.9,0.0,0.0,0.0,239.7,239.7,2025-01
2025-01-08,89.7,0.0,0.0,0.0,0.0,0.0,0.0,0.0,0.0,0,0.0,0.0,0.0,0,0,0.0,0.0,0.0,0,0,89.7,0.0,2025-01-08,0.0,0,0.0,0,0.0,0,0.0,0,0.0,0,0.0,0,0.0,0,0.0,0,0.0,0,0.0,0,0.0,0.0,Sálario Funcionário,0.0,2.7,0.0,0,0.0,0,0.0,89.7,89.7,0.0,0.0,0.0,0.0,0.0,0.0,2025-01
2025-01-09,19.8,165.3,0.0,0.0,0.0,0.0,0.0,0.0,0.0,0,0.0,0.0,0.0,0,0,0.0,0.0,0.0,0,0,185.1,0.0,2025-01-09,0.0,0,0.0,0,0.0,0,0.0,0,0.0,0,0.0,0,0.0,0,0.0,0,0.0,0,0.0,0,0.0,0.0,FGTS,0.0,0,0.0,0,0.0,0,0.0,185.10000000000002,19.8,165.3,0.0,0.0,0.0,0.0,0.0,2025-01
2025-01-10,0.0,150.0,0.0,0.0,0.0,139.9,0.0,0.0,0.0,0,0.0,0.0,0.0,0,0,0.0,0.0,0.0,0,0,289.9,0.0,2025-01-10,31.0,Fretes,0.0,0,0.0,0,0.0,0,0.0,0,0.0,0,0.0,0,0.0,0,0.0,0,0.0,0,31.0,0.0,Comissão,0.0,0,0.0,0,0.0,0,0.0,289.9,0.0,150.0,0.0,139.9,0.0,0.0,139.9,2025-01
2025-01-11,98.8,83.51,404.54,190.15,0.0,0.0,142.31,0.0,0.0,0,148.61,0.0,0.0,0,0,0.0,0.0,0.0,0,0,1067.92,0.0,2025-01-11,100.0,Diária (s),0.0,0,0.0,0,0.0,0,0.0,0,0.0,0,0.0,0,0.0,0,0.0,0,0.0,0,100.0,0.0,Vale-Transporte,0.0,0,0.0,0,0.0,0,0.0,1067.92,98.8,83.51,594.69,142.31,148.61,0.0,290.92,2025-01
2025-01-12,0.0,0.0,0.0,0.0,0.0,0.0,0.0,0.0,0.0,0,0.0,0.0,0.0,0,0,0.0,0.0,0.0,0,0,0.0,0.0,2025-01-12,0.0,0,0.0,0,0.0,0,0.0,0,0.0,0,0.0,0,0.0,0,0.0,0,0.0,0,0.0,0,0.0,0.0,Pró-Labore,0.0,0,0.0,0,0.0,0,0.0,0.0,0.0,0.0,0.0,0.0,0.0,0.0,0.0,2025-01
2025-01-13,0.0,50.0,0.0,0.0,0.0,69.9,0.0,0.0,0.0,0,0.0,89.9,0.0,0,0,0.0,0.0,0.0,0,0,209.8,0.0,2025-01-13,549.0,Sacolas,10.0,Fretes,0.0,0,0.0,0,0.0,0,0.0,0,0.0,0,0.0,0,0.0,0,0.0,0,559.0,0.0,DARF,0.0,0,0.0,0,0.0,0,0.0,209.8,0.0,50.0,0.0,69.9,89.9,0.0,159.8,2025-01
2025-01-14,0.0,69.9,0.0,0.0,0.0,69.9,0.0,0.0,0.0,0,0.0,0.0,0.0,0,0,0.0,0.0,0.0,0,0,139.8,0.0,2025-01-14,0.0,0,0.0,0,0.0,0,0.0,0,0.0,0,0.0,0,0.0,0,0.0,0,0.0,0,0.0,0,0.0,0.0,Simples Nacional,0.0,0,0.0,0,0.0,0,0.0,139.8,0.0,69.9,0.0,69.9,0.0,0.0,69.9,2025-01
2025-01-15,0.0,473.02,159.8,69.9,0.0,289.6,119.9,0.0,0.0,0,0.0,0.0,0.0,0,0,0.0,0.0,0.0,0,0,1082.22,0.0,2025-01-15,1000.0,Dívida Rosstamp,500.0,Dívida Fan Store,1499.4,Mercadorias,10.0,Fretes,0.0,0,0.0,0,0.0,0,0.0,0,0.0,0,0.0,0,3009.4,0.0,Contabilidade,0.0,0,0.0,0,0.0,0,0.0,1112.22,0.0,473.02,229.70000000000002,409.5,0.0,0.0,409.5,2025-01
2025-01-16,0.0,179.9,59.9,0.0,0.0,59.9,69.9,0.0,0.0,0,0.0,189.8,0.0,0,0,0.0,0.0,0.0,0,0,559.4000000000001,0.0,2025-01-16,0.0,0,0.0,0,0.0,0,0.0,0,0.0,0,0.0,0,0.0,0,0.0,0,0.0,0,0.0,0,0.0,0.0,Água ,0.0,0,0.0,0,0.0,0,0.0,559.4000000000001,0.0,179.9,59.9,129.8,189.8,0.0,319.6,2025-01
2025-01-17,0.0,0.0,0.0,0.0,0.0,209.8,10.0,0.0,0.0,0,169.8,139.9,0.0,0,0,539.5,0.0,0.0,0,0,1069.0,0.0,2025-01-17,20.36,Água ,328.3,Luz,155.32,DARF,0.0,0,0.0,0,0.0,0,0.0,0,0.0,0,0.0,0,0.0,0,503.98,0.0,Luz,0.0,0,0.0,0,0.0,0,0.0,1069.0,0.0,0.0,0.0,219.8,309.70000000000005,539.5,1069.0,2025-01
2025-01-18,0.0,175.8,0.0,0.0,0.0,79.9,139.7,0.0,0.0,0,0.0,0.0,0.0,0,0,0.0,209.8,0.0,0,0,605.2,0.0,2025-01-18,0.0,0,0.0,0,0.0,0,0.0,0,0.0,0,0.0,0,0.0,0,0.0,0,0.0,0,0.0,0,0.0,0.0,Internet,0.0,0,0.0,0,0.0,0,0.0,605.2,0.0,175.8,0.0,219.6,0.0,209.8,429.4,2025-01
2025-01-19,0.0,0.0,0.0,0.0,0.0,0.0,0.0,0.0,0.0,0,0.0,0.0,0.0,0,0,0.0,0.0,0.0,0,0,0.0,0.0,2025-01-19,0.0,0,0.0,0,0.0,0,0.0,0,0.0,0,0.0,0,0.0,0,0.0,0,0.0,0,0.0,0,0.0,0.0,EMIVE,0.0,0,0.0,0,0.0,0,0.0,0.0,0.0,0.0,0.0,0.0,0.0,0.0,0.0,2025-01
2025-01-20,169.8,0.0,75.0,0.0,0.0,79.9,0.0,0.0,0.0,0,0.0,0.0,0.0,0,0,0.0,0.0,0.0,0,0,324.70000000000005,0.0,2025-01-05,1450.21,Simples Nacional,0.0,0,0.0,0,0.0,0,0.0,0,0.0,0,0.0,0,0.0,0,0.0,0,0.0,0,1450.21,0.0,Consignado,0.0,0,0.0,0,0.0,0,0.0,324.70000000000005,169.8,0.0,75.0,79.9,0.0,0.0,79.9,2025-01
2025-01-21,0.0,139.9,0.0,79.9,0.0,79.9,0.0,0.0,0.0,0,0.0,0.0,0.0,0,0,0.0,0.0,0.0,0,0,299.70000000000005,0.0,2025-01-21,0.0,0,0.0,0,0.0,0,0.0,0,0.0,0,0.0,0,0.0,0,0.0,0,0.0,0,0.0,0,0.0,0.0,PRONAMP,0.0,0,0.0,0,0.0,0,0.0,299.70000000000005,0.0,139.9,79.9,79.9,0.0,0.0,79.9,2025-01
2025-01-22,0.0,315.8,0.0,149.8,59.9,119.9,0.0,0.0,0.0,0,0.0,0.0,0.0,0,0,0.0,0.0,0.0,0,0,645.5,0.0,2025-01-22,10.0,Fretes,10.0,Fretes,0.3,Outros,2066.87,PRONAMP,0.0,0,0.0,0,0.0,0,0.0,0,0.0,0,0.0,0,2087.17,0.0,EMIVE,0.0,0,0.0,0,0.0,0,0.0,645.4,0.0,315.8,209.70000000000002,119.9,0.0,0.0,119.9,2025-01
2025-01-23,0.0,0.0,0.0,0.0,0.0,0.0,99.9,0.0,0.0,0,0.0,0.0,0.0,0,0,0.0,0.0,0.0,0,0,99.9,0.0,2025-01-23,0.0,0,0.0,0,0.0,0,0.0,0,0.0,0,0.0,0,0.0,0,0.0,0,0.0,0,0.0,0,0.0,0.0,Cartão de Crédito,0.0,0,0.0,0,0.0,0,0.0,99.9,0.0,0.0,0.0,99.9,0.0,0.0,99.9,2025-01
2025-01-24,0.0,0.0,0.0,0.0,0.0,79.9,0.0,0.0,0.0,0,0.0,0.0,0.0,0,0,0.0,0.0,0.0,0,0,79.9,0.0,2025-01-24,0.0,0,0.0,0,0.0,0,0.0,0,0.0,0,0.0,0,0.0,0,0.0,0,0.0,0,0.0,0,0.0,0.0,CRM Bônus,0.0,0,0.0,0,0.0,0,0.0,79.9,0.0,0.0,0.0,79.9,0.0,0.0,79.9,2025-01
2025-01-25,60.0,245.7,0.0,159.8,79.9,369.5,0.0,0.0,0.0,0,0.0,0.0,0.0,0,0,0.0,0.0,0.0,0,0,914.9,0.0,2025-01-25,0.0,0,0.0,0,0.0,0,0.0,0,0.0,0,0.0,0,0.0,0,0.0,0,0.0,0,0.0,0,0.0,0.0,Marketing Local,0.0,0,0.0,0,0.0,0,0.0,914.9,60.0,245.7,239.70000000000002,369.5,0.0,0.0,369.5,2025-01
2025-01-26,0.0,0.0,0.0,0.0,0.0,0.0,0.0,0.0,0.0,0,0.0,0.0,0.0,0,0,0.0,0.0,0.0,0,0,0.0,0.0,2025-01-26,0.0,0,0.0,0,0.0,0,0.0,0,0.0,0,0.0,0,0.0,0,0.0,0,0.0,0,0.0,0,0.0,0.0,Cursos ,0.0,0,0.0,0,0.0,0,0.0,0.0,0.0,0.0,0.0,0.0,0.0,0.0,0.0,2025-01
2025-01-27,259.7,0.0,0.0,0.0,0.0,0.0,0.0,0.0,0.0,0,0.0,0.0,0.0,0,0,0.0,0.0,0.0,0,0,259.7,0.0,2025-01-27,0.0,0,0.0,0,0.0,0,0.0,0,0.0,0,0.0,0,0.0,0,0.0,0,0.0,0,0.0,0,0.0,0.0,Loja,0.0,0,0.0,0,0.0,0,0.0,259.7,259.7,0.0,0.0,0.0,0.0,0.0,0.0,2025-01
2025-01-28,0.0,130.0,119.9,0.0,0.0,149.8,0.0,0.0,0.0,0,0.0,0.0,0.0,0,0,0.0,0.0,0.0,0,0,399.7000000000001,0.0,2025-01-28,10.1,Fretes,0.0,0,0.0,0,0.0,0,0.0,0,0.0,0,0.0,0,0.0,0,0.0,0,0.0,0,10.1,0.0,Presence,0.0,0,0.0,0,0.0,0,0.0,399.70000000000005,0.0,130.0,119.9,149.8,0.0,0.0,149.8,2025-01
2025-01-29,0.0,139.9,189.8,0.0,0.0,539.4,0.0,0.0,0.0,0,179.8,0.0,0.0,0,0,0.0,0.0,0.0,0,0,1048.9,0.0,2025-01-29,2171.59,Mercadorias,0.0,0,0.0,0,0.0,0,0.0,0,0.0,0,0.0,0,0.0,0,0.0,0,0.0,0,2171.59,0.0,Manutenção/Escritótio,0.0,0,0.0,0,0.0,0,0.0,1048.9,0.0,139.9,189.8,539.4,179.8,0.0,719.2,2025-01
2025-01-30,0.0,0.0,0.0,0.0,0.0,0.0,0.0,0.0,0.0,0,0.0,0.0,0.0,0,0,0.0,0.0,0.0,0,0,0.0,0.0,2025-01-30,0.0,0,0.0,0,0.0,0,0.0,0,0.0,0,0.0,0,0.0,0,0.0,0,0.0,0,0.0,0,0.0,0.0,Fundo de Promoção,0.0,0,0.0,0,0.0,0,0.0,0.0,0.0,0.0,0.0,0.0,0.0,0.0,0.0,2025-01
2025-01-31,270.0,419.9,9.8,89.9,0.0,79.9,0.0,0.0,0.0,0,0.0,0.0,0.0,0,0,0.0,0.0,0.0,0,0,869.5,0.0,2025-01-31,0.0,0,0.0,0,0.0,0,0.0,0,0.0,0,0.0,0,0.0,0,0.0,0,0.0,0,0.0,0,0.0,0.0,Merc.Boleto.Protesto,0.0,0,0.0,0,0.0,0,0.0,869.4999999999999,270.0,419.9,99.7,79.9,0.0,0.0,79.9,2025-01
2025-02-01,0.0,0.0,179.8,79.9,0.0,199.8,119.8,2.0,0.0,0,219.8,0.0,0.0,0,0,0.0,0.0,0.0,0,0,801.1000000000001,0.0,2025-02-01,100.0,Diária (s),0.0,0,0.0,0,0.0,0,0.0,0,0.0,0,0.0,0,0.0,0,0.0,0,0.0,0,100.0,0.0,Fretes,0.0,0,0.0,0,0.0,0,0.0,801.1000000000001,0.0,0.0,259.70000000000005,321.6,219.8,0.0,541.4000000000001,2025-02
2025-02-02,0.0,0.0,0.0,0.0,0.0,0.0,0.0,0.0,0.0,0,0.0,0.0,0.0,0,0,0.0,0.0,0.0,0,0,0.0,0.0,2025-02-02,311.89,EMIVE,0.0,0,0.0,0,0.0,0,0.0,0,0.0,0,0.0,0,0.0,0,0.0,0,0.0,0,311.89,0.0,Taxa Fisc. TFE,0.0,0,0.0,0,0.0,0,0.0,0.0,0.0,0.0,0.0,0.0,0.0,0.0,0.0,2025-02
2025-02-03,0.0,169.7,190.7,0.0,0.0,0.0,0.0,2.0,0.0,0,0.0,0.0,0.0,0,0,0.0,0.0,0.0,0,0,362.4,0.0,2025-02-03,413.24,Presence,473.0,Contabilidade,0.0,0,0.0,0,0.0,0,0.0,0,0.0,0,0.0,0,0.0,0,0.0,0,886.24,0.0,Passagem Theo (Patrocínio),0.0,0,0.0,0,0.0,0,0.0,362.4,0.0,169.7,190.7,2.0,0.0,0.0,2.0,2025-02
2025-02-04,0.0,139.9,191.81,0.0,0.0,0.0,239.8,0.0,0.0,0,0.0,119.9,0.0,0,0,0.0,0.0,0.0,0,0,691.41,0.0,2025-02-04,100.0,Diária (s),0.0,0,0.0,0,0.0,0,0.0,0,0.0,0,0.0,0,0.0,0,0.0,0,0.0,0,100.0,0.0,Porta Manutenção ,0.0,0,0.0,0,0.0,0,0.0,691.41,0.0,139.9,191.81,239.8,119.9,0.0,359.70000000000005,2025-02
2025-02-05,99.9,140.7,0.0,0.0,0.0,119.9,99.9,0.0,0.0,0,0.0,0.0,0.0,0,0,0.0,0.0,0.0,0,0,460.4,0.0,2025-02-05,0.0,0,0.0,0,0.0,0,0.0,0,0.0,0,0.0,0,0.0,0,0.0,0,0.0,0,0.0,0,0.0,0.0,Aluguel maquininha,0.0,0,0.0,0,0.0,0,0.0,460.4,99.9,140.7,0.0,219.8,0.0,0.0,219.8,2025-02
2025-02-06,0.0,119.8,119.9,0.0,0.0,0.0,0.0,0.0,0.0,0,0.0,169.8,0.0,0,0,0.0,0.0,0.0,0,0,409.50000000000006,0.0,2025-02-06,2800.0,Consignado,255.12,Comissão,1700.0,Pró-Labore,166.98,DARF,27.88,Água ,3512.34,Mercadorias,421.03,Royalties,312.73,Royalties,440.55,Cartão de Crédito,25.0,Microsoft,9661.63,0.0,Tarifa Manutenção,0.0,0,0.0,0,0.0,0,0.0,409.5,0.0,119.8,119.9,0.0,169.8,0.0,169.8,2025-02
2025-02-07,0.0,0.0,90.8,0.0,0.0,189.8,159.8,0.0,0.0,0,0.0,0.0,0.0,0,0,0.0,0.0,0.0,0,0,440.4,0.0,2025-02-07,0.0,0,0.0,0,0.0,0,0.0,0,0.0,0,0.0,0,20.0,Crédito Celular,98.65,Cursos ,752.0,Mercadorias,1500.0,Dívida Rosstamp,2370.65,0.0,Tarifa Plano Adapt ,0.0,0,0.0,0,0.0,0,0.0,440.40000000000003,0.0,0.0,90.8,349.6,0.0,0.0,349.6,2025-02
2025-02-08,150.0,269.7,119.9,0.0,119.9,49.9,239.8,0.0,0.0,0,0.0,0.0,0.0,0,0,209.8,0.0,0.0,0,0,1159.0,0.0,2025-02-08,100.0,Diária (s),0.0,0,0.0,0,0.0,0,0.0,0,0.0,0,0.0,0,0.0,0,0.0,0,0.0,0,100.0,0.0,Banco Itaú,0.0,0,0.0,0,0.0,0,0.0,1159.0,150.0,269.7,239.8,289.7,0.0,209.8,499.5,2025-02
2025-02-09,0.0,0.0,0.0,0.0,0.0,0.0,0.0,0.0,0.0,0,0.0,0.0,0.0,0,0,0.0,0.0,0.0,0,0,0.0,0.0,2025-02-09,0.0,0,0.0,0,0.0,0,0.0,0,0.0,0,0.0,0,0.0,0,0.0,0,0.0,0,0.0,0,0.0,0.0,Diária (s),0.0,0,0.0,0,0.0,0,0.0,0.0,0.0,0.0,0.0,0.0,0.0,0.0,0.0,2025-02
2025-02-10,129.8,79.9,14.9,0.0,0.0,0.0,0.0,1.0,0.0,0,199.8,0.0,0.0,0,0,0.0,0.0,0.0,0,0,425.4,0.0,2025-02-10,0.0,0,0.0,0,0.0,0,0.0,0,0.0,0,0.0,0,0.0,0,0.0,0,0.0,0,0.0,0,0.0,0.0,Microsoft,0.0,0,0.0,0,0.0,0,0.0,425.40000000000003,129.8,79.9,14.9,1.0,199.8,0.0,200.8,2025-02
2025-02-11,0.0,200.0,269.6,0.0,0.0,119.9,0.0,0.0,0.0,0,0.0,0.0,0.0,0,0,209.8,0.0,0.0,0,0,799.3000000000001,0.0,2025-02-11,0.0,0,0.0,0,0.0,0,0.0,0,0.0,0,0.0,0,0.0,0,0.0,0,0.0,0,0.0,0,0.0,0.0,Art Tec (Cartões),0.0,0,0.0,0,0.0,0,0.0,799.3,0.0,200.0,269.6,119.9,0.0,209.8,329.70000000000005,2025-02
2025-02-12,0.0,119.9,59.9,0.0,0.0,0.0,0.0,0.0,0.0,0,0.0,0.0,0.0,0,0,0.0,0.0,0.0,0,0,179.8,0.0,2025-02-12,322.61,Luz,566.07,Simples Nacional,0.0,0,0.0,0,0.0,0,0.0,0,0.0,0,0.0,0,0.0,0,0.0,0,888.6800000000001,0.0,Consultor Franquia,0.0,0,0.0,0,0.0,0,0.0,179.8,0.0,119.9,59.9,0.0,0.0,0.0,0.0,2025-02
2025-02-13,119.9,0.0,0.0,0.0,0.0,29.8,209.71,0.0,0.0,0,105.7,0.0,0.0,0,0,0.0,239.8,0.0,0,0,704.91,0.0,2025-02-13,0.0,0,0.0,0,0.0,0,0.0,0,0.0,0,0.0,0,0.0,0,0.0,0,0.0,0,0.0,0,0.0,0.0,Cartucho Impressora ,0.0,0,0.0,0,0.0,0,0.0,704.9100000000001,119.9,0.0,0.0,239.51000000000002,105.7,239.8,585.01,2025-02
2025-02-14,0.0,9.9,49.8,240.8,0.0,194.4,80.8,0.0,0.0,0,0.0,0.0,0.0,0,0,0.0,239.8,0.0,0,0,815.4999999999999,0.0,2025-02-14,2039.74,PRONAMP,0.0,0,0.0,0,0.0,0,0.0,0,0.0,0,0.0,0,0.0,0,0.0,0,0.0,0,2039.74,0.0,Datas Comemorativas,0.0,0,0.0,0,0.0,0,0.0,815.5,0.0,9.9,290.6,275.2,0.0,239.8,515.0,2025-02
2025-02-15,0.0,383.51,99.9,0.0,59.9,500.1,230.6,0.0,0.0,0,184.4,0.0,0.0,0,0,0.0,0.0,0.0,0,0,1458.41,0.0,2025-02-15,0.0,0,0.0,0,0.0,0,0.0,0,0.0,0,0.0,0,0.0,0,0.0,0,0.0,0,0.0,0,0.0,0.0,IOF,0.0,0,0.0,0,0.0,0,0.0,1458.4099999999999,0.0,383.51,159.8,730.7,184.4,0.0,915.1,2025-02
2025-02-16,0.0,0.0,0.0,0.0,0.0,0.0,0.0,0.0,0.0,0,0.0,0.0,0.0,0,0,0.0,0.0,0.0,0,0,0.0,0.0,2025-02-16,0.0,0,0.0,0,0.0,0,0.0,0,0.0,0,0.0,0,0.0,0,0.0,0,0.0,0,0.0,0,0.0,0.0,Alex,0.0,0,0.0,0,0.0,0,0.0,0.0,0.0,0.0,0.0,0.0,0.0,0.0,0.0,2025-02
2025-02-17,0.0,0.0,0.0,0.0,0.0,0.0,239.8,0.0,0.0,0,0.0,0.0,0.0,0,0,0.0,0.0,0.0,0,0,239.8,0.0,2025-02-17,0.0,0,0.0,0,0.0,0,0.0,0,0.0,0,0.0,0,0.0,0,0.0,0,0.0,0,0.0,0,0.0,0.0,Contrato Rescisório,0.0,0,0.0,0,0.0,0,0.0,239.8,0.0,0.0,0.0,239.8,0.0,0.0,239.8,2025-02
2025-02-18,0.0,119.9,0.0,0.0,0.0,0.0,119.9,0.0,0.0,0,0.0,0.0,0.0,0,0,0.0,0.0,0.0,0,0,239.8,0.0,2025-02-18,0.0,0,0.0,0,0.0,0,0.0,0,0.0,0,0.0,0,0.0,0,0.0,0,0.0,0,0.0,0,0.0,0.0,Exame Admissional,0.0,0,0.0,0,0.0,0,0.0,239.8,0.0,119.9,0.0,119.9,0.0,0.0,119.9,2025-02
2025-02-19,339.6,85.4,0.0,0.0,0.0,80.8,0.0,0.0,0.0,0,0.0,0.0,0.0,0,0,0.0,0.0,0.0,0,0,505.8,0.0,2025-02-19,36.9,Outros,100.0,Diária (s),0.0,0,0.0,0,0.0,0,0.0,0,0.0,0,0.0,0,0.0,0,0.0,0,136.9,0.0,Crédito Celular,0.0,0,0.0,0,0.0,0,0.0,505.8,339.6,85.4,0.0,80.8,0.0,0.0,80.8,2025-02
2025-02-20,50.0,0.0,0.0,0.0,0.0,189.8,90.8,0.0,0.0,0,0.0,0.0,0.0,0,0,0.0,0.0,0.0,0,0,330.6,0.0,2025-02-20,0.0,0,0.0,0,0.0,0,0.0,0,0.0,0,0.0,0,0.0,0,0.0,0,0.0,0,0.0,0,0.0,0.0,Multa Rescisória ,0.0,0,0.0,0,0.0,0,0.0,330.6,50.0,0.0,0.0,280.6,0.0,0.0,280.6,2025-02
2025-02-21,0.0,179.8,0.0,0.0,0.0,224.6,79.9,0.0,0.0,0,169.8,0.0,0.0,0,0,0.0,0.0,0.0,0,0,654.1,0.0,2025-02-21,0.0,0,0.0,0,0.0,0,0.0,0,0.0,0,0.0,0,0.0,0,0.0,0,0.0,0,0.0,0,0.0,0.0,Outros,0.0,0,0.0,0,0.0,0,0.0,654.0999999999999,0.0,179.8,0.0,304.5,169.8,0.0,474.3,2025-02
2025-02-22,0.0,279.7,174.7,0.0,0.0,0.0,0.0,0.0,0.0,0,0.0,0.0,0.0,0,0,0.0,0.0,0.0,0,0,454.4,0.0,2025-02-22,0.0,0,0.0,0,0.0,0,0.0,0,0.0,0,0.0,0,0.0,0,0.0,0,0.0,0,0.0,0,0.0,0.0,Moldem ,0.0,0,0.0,0,0.0,0,0.0,454.4,0.0,279.7,174.7,0.0,0.0,0.0,0.0,2025-02
2025-02-23,0.0,9.0,0.0,0.0,0.0,0.0,0.0,0.0,0.0,0,0.0,0.0,0.0,0,0,0.0,0.0,0.0,0,0,9.0,0.0,2025-02-23,0.0,0,0.0,0,0.0,0,0.0,0,0.0,0,0.0,0,0.0,0,0.0,0,0.0,0,0.0,0,0.0,0.0,Mercad. Cartão Crédto,0.0,0,0.0,0,0.0,0,0.0,9.0,0.0,9.0,0.0,0.0,0.0,0.0,0.0,2025-02
2025-02-24,85.4,0.0,0.0,0.0,0.0,113.9,0.0,0.0,0.0,0,0.0,0.0,0.0,0,0,0.0,0.0,0.0,0,0,199.3,0.0,2025-02-24,14.6,Outros,0.0,0,0.0,0,0.0,0,0.0,0,0.0,0,0.0,0,0.0,0,0.0,0,0.0,0,14.6,0.0,Dívida Rosstamp,0.0,0,0.0,0,0.0,0,0.0,199.3,85.4,0.0,0.0,113.9,0.0,0.0,113.9,2025-02
2025-02-25,0.0,0.0,0.0,0.0,0.0,0.0,0.0,0.0,0.0,0,0.0,0.0,0.0,0,0,0.0,0.0,0.0,0,0,0.0,0.0,2025-02-25,0.0,0,0.0,0,0.0,0,0.0,0,0.0,0,0.0,0,0.0,0,0.0,0,0.0,0,0.0,0,0.0,0.0,Dívida Fan Store,0.0,0,0.0,0,0.0,0,0.0,0.0,0.0,0.0,0.0,0.0,0.0,0.0,0.0,2025-02
2025-02-26,0.0,348.9,75.9,0.0,0.0,79.8,0.0,6.3,0.0,0,0.0,0.0,0.0,0,0,0.0,0.0,0.0,0,0,510.9,0.0,2025-02-26,0.0,0,0.0,0,0.0,0,0.0,0,0.0,0,0.0,0,0.0,0,0.0,0,0.0,0,0.0,0,0.0,0.0,2' Parc. Sacolas,0.0,0,0.0,0,0.0,0,0.0,510.9,0.0,348.9,75.9,86.1,0.0,0.0,86.1,2025-02
2025-02-27,0.0,124.7,59.9,0.0,0.0,0.0,0.0,0.0,0.0,0,0.0,0.0,0.0,0,0,0.0,0.0,0.0,0,0,184.6,0.0,2025-02-27,0.0,0,0.0,0,0.0,0,0.0,0,0.0,0,0.0,0,0.0,0,0.0,0,0.0,0,0.0,0,0.0,0.0,1' Parc. Sacolas ,0.0,0,0.0,0,0.0,0,0.0,184.6,0.0,124.7,59.9,0.0,0.0,0.0,0.0,2025-02
2025-02-28,60.0,630.73,179.8,0.0,0.0,159.8,0.0,0.0,0.0,0,0.0,0.0,0.0,0,0,0.0,0.0,0.0,0,0,1030.33,0.0,2025-02-28,0.0,0,0.0,0,0.0,0,0.0,0,0.0,0,0.0,0,0.0,0,0.0,0,0.0,0,0.0,0,0.0,0.0,1. Parc. Piticopos ,0.0,0,0.0,0,0.0,0,0.0,1030.33,60.0,630.73,179.8,159.8,0.0,0.0,159.8,2025-02
2025-03-01,191.71,0.0,0.0,59.9,0.0,209.7,0.0,159.69,0.0,0,0.0,0.0,0.0,0,0,0.0,0.0,0.0,0,0,621.0,0.0,2024-03-01,0.0,0,0.0,0,0.0,0,0.0,0,0.0,0,0.0,0,0.0,0,0.0,0,0.0,0,0.0,0,0.0,0.0,2 Parc.Royalties C.D.Slayer,0.0,0,0.0,0,0.0,0,0.0,621.0,191.71,0.0,59.9,369.39,0.0,0.0,369.39,2025-03
2025-03-02,0.0,0.0,0.0,0.0,0.0,0.0,0.0,0.0,0.0,0,0.0,0.0,0.0,0,0,0.0,0.0,0.0,0,0,0.0,0.0,2024-03-02,0.0,0,0.0,0,0.0,0,0.0,0,0.0,0,0.0,0,0.0,0,0.0,0,0.0,0,0.0,0,0.0,0.0,1 Parc. Royalties C.D.Slayer,0.0,0,0.0,0,0.0,0,0.0,0.0,0.0,0.0,0.0,0.0,0.0,0.0,0.0,2025-03
2025-03-03,0.0,0.0,0.0,0.0,0.0,0.0,0.0,0.0,0.0,0,0.0,0.0,0.0,0,0,0.0,0.0,0.0,0,0,0.0,0.0,2024-03-03,0.0,0,0.0,0,0.0,0,0.0,0,0.0,0,0.0,0,0.0,0,0.0,0,0.0,0,0.0,0,0.0,0.0,1 Parc. Canecas ,0.0,0,0.0,0,0.0,0,0.0,0.0,0.0,0.0,0.0,0.0,0.0,0.0,0.0,2025-03
2025-03-04,0.0,0.0,0.0,0.0,0.0,0.0,0.0,0.0,0.0,0,0.0,0.0,0.0,0,0,0.0,0.0,0.0,0,0,0.0,0.0,2024-03-04,0.0,0,0.0,0,0.0,0,0.0,0,0.0,0,0.0,0,0.0,0,0.0,0,0.0,0,0.0,0,0.0,0.0,1 Parc. Royalties canecas,0.0,0,0.0,0,0.0,0,0.0,0.0,0.0,0.0,0.0,0.0,0.0,0.0,0.0,2025-03
2025-03-05,0.0,0.0,0.0,0.0,0.0,0.0,0.0,0.0,0.0,0,0.0,0.0,0.0,0,0,0.0,0.0,0.0,0,0,0.0,0.0,2024-03-05,311.89,EMIVE,2800.0,Consignado,25.0,Microsoft,98.65,Cursos ,1132.52,Cartão de Crédito,1700.0,Pró-Labore,260.9,Comissão,405.0,Presence,473.0,Contabilidade,127.02,Frete Braspress ,7333.98,0.0,2 Parc. Royalties Canecas ,0.0,0,0.0,0,0.0,0,0.0,0.0,0.0,0.0,0.0,0.0,0.0,0.0,0.0,2025-03
2025-03-06,129.7,259.36,0.0,79.9,0.0,249.7,94.8,0.0,0.0,0,0.0,0.0,0.0,0,0,0.0,0.0,0.0,0,0,813.46,0.0,2024-03-06,660.0,Mercadorias,0.0,0,0.0,0,0.0,0,0.0,0,0.0,0,0.0,0,0.0,0,0.0,0,0.0,0,660.0,0.0,2 Parc. Canecas ,0.0,0,0.0,0,0.0,0,0.0,813.46,129.7,259.36,79.9,344.5,0.0,0.0,344.5,2025-03
2025-03-07,79.9,125.4,129.7,109.9,0.0,0.0,169.8,0.0,0.0,0,309.6,0.0,0.0,0,0,0.0,0.0,0.0,0,0,924.3,0.0,2024-03-07,0.0,0,0.0,0,0.0,0,0.0,0,0.0,0,0.0,0,0.0,0,0.0,0,0.0,0,0.0,0,0.0,0.0,1 Parc. BlackFridayRep.1 ,0.0,0,0.0,0,0.0,0,0.0,924.3000000000001,79.9,125.4,239.6,169.8,309.6,0.0,479.40000000000003,2025-03
2025-03-08,0.0,94.8,0.0,0.0,0.0,824.69,0.0,79.8,0.0,0,0.0,0.0,0.0,0,0,0.0,0.0,0.0,0,0,999.29,0.0,2024-03-08,0.0,0,0.0,0,0.0,0,0.0,0,0.0,0,0.0,0,0.0,0,0.0,0,0.0,0,0.0,0,0.0,0.0,2 Parc. BlackFridayRep.1,0.0,0,0.0,0,0.0,0,0.0,999.29,0.0,94.8,0.0,904.49,0.0,0.0,904.49,2025-03
2025-03-09,0.0,0.0,0.0,0.0,0.0,0.0,0.0,0.0,0.0,0,0.0,0.0,0.0,0,0,0.0,0.0,0.0,0,0,0.0,0.0,2024-03-09,0.0,0,0.0,0,0.0,0,0.0,0,0.0,0,0.0,0,0.0,0,0.0,0,0.0,0,0.0,0,0.0,0.0,Empréstimos,0.0,0,0.0,0,0.0,0,0.0,0.0,0.0,0.0,0.0,0.0,0.0,0.0,0.0,2025-03
2025-03-10,10.0,104.8,69.9,0.0,0.0,0.0,0.0,0.0,0.0,0,0.0,0.0,0.0,0,0,0.0,0.0,0.0,0,0,184.7,0.0,2024-03-10,2052.45,PRONAMP,334.8,Cartão de Crédito,10.0,Fretes,0.0,0,0.0,0,0.0,0,0.0,0,0.0,0,0.0,0,0.0,0,2397.25,0.0,0,0.0,0,0.0,0,0.0,0,0.0,184.7,10.0,104.8,69.9,0.0,0.0,0.0,0.0,2025-03
2025-03-11,0.0,105.0,109.9,0.0,0.0,89.9,0.0,0.0,0.0,0,0.0,0.0,0.0,0,0,0.0,0.0,0.0,0,0,304.8,0.0,2024-03-11,1000.0,Dívida Rosstamp,500.0,Dívida Fan Store,20.36,Água ,0.0,0,0.0,0,0.0,0,0.0,0,0.0,0,0.0,0,0.0,0,1520.36,0.0,Exame Demissional,0.0,0,0.0,0,0.0,0,0.0,304.8,0.0,105.0,109.9,89.9,0.0,0.0,89.9,2025-03
2025-03-12,0.0,149.9,0.0,0.0,0.0,214.6,0.0,0.0,0.0,0,0.0,159.8,0.0,0,0,0.0,0.0,0.0,0,0,524.3,0.0,2024-03-12,166.98,DARF,10.0,Fretes,100.0,Diária (s),0.0,0,0.0,0,0.0,0,0.0,0,0.0,0,0.0,0,0.0,0,276.98,0.0,0,0.0,0,0.0,0,0.0,0,0.0,524.3,0.0,149.9,0.0,214.6,159.8,0.0,374.4,2025-03
2025-03-13,0.0,89.9,79.9,289.7,0.0,99.9,79.9,0.0,0.0,0,159.8,0.0,0.0,0,0,0.0,0.0,0.0,0,0,799.0999999999999,0.0,2024-03-13,368.59,Luz,100.0,Diária (s),0.0,0,0.0,0,0.0,0,0.0,0,0.0,0,0.0,0,0.0,0,0.0,0,468.59,0.0,0,0.0,0,0.0,0,0.0,0,0.0,799.0999999999999,0.0,89.9,369.6,179.8,159.8,0.0,339.6,2025-03
2025-03-14,0.0,180.8,99.9,0.0,0.0,0.0,199.7,0.0,0.0,0,0.0,199.8,0.0,0,0,0.0,0.0,0.0,0,0,680.2,0.0,2024-03-14,100.0,Diária (s),0.0,0,0.0,0,0.0,0,0.0,0,0.0,0,0.0,0,0.0,0,0.0,0,0.0,0,100.0,0.0,0,0.0,0,0.0,0,0.0,0,0.0,680.2,0.0,180.8,99.9,199.7,199.8,0.0,399.5,2025-03
2025-03-15,0.0,210.6,85.32,0.0,0.0,339.6,0.0,0.0,0.0,0,0.0,0.0,0.0,0,0,0.0,0.0,0.0,0,0,635.52,0.0,2024-03-15,100.0,Diária (s),0.0,0,0.0,0,0.0,0,0.0,0,0.0,0,0.0,0,0.0,0,0.0,0,0.0,0,100.0,0.0,0,0.0,0,0.0,0,0.0,0,0.0,635.52,0.0,210.6,85.32,339.6,0.0,0.0,339.6,2025-03
2025-03-16,0.0,0.0,0.0,0.0,0.0,0.0,0.0,0.0,0.0,0,0.0,0.0,0.0,0,0,0.0,0.0,0.0,0,0,0.0,0.0,2024-03-16,0.0,0,0.0,0,0.0,0,0.0,0,0.0,0,0.0,0,0.0,0,0.0,0,0.0,0,0.0,0,0.0,0.0,0,0.0,0,0.0,0,0.0,0,0.0,0.0,0.0,0.0,0.0,0.0,0.0,0.0,0.0,2025-03
2025-03-17,0.0,0.0,29.8,14.9,0.0,0.0,0.0,134.7,0.0,0,0.0,0.0,0.0,0,0,0.0,0.0,0.0,0,0,179.4,0.0,2024-03-17,100.0,Diária (s),0.0,0,0.0,0,0.0,0,0.0,0,0.0,0,0.0,0,0.0,0,0.0,0,0.0,0,100.0,0.0,0,0.0,0,0.0,0,0.0,0,0.0,179.39999999999998,0.0,0.0,44.7,134.7,0.0,0.0,134.7,2025-03
2025-03-18,0.0,89.9,4.9,0.0,0.0,0.0,99.9,0.0,0.0,0,0.0,0.0,0.0,0,0,0.0,0.0,0.0,0,0,194.7,0.0,2024-03-18,100.0,Diária (s),582.26,Simples Nacional,0.0,0,0.0,0,0.0,0,0.0,0,0.0,0,0.0,0,0.0,0,0.0,0,682.26,0.0,0,0.0,0,0.0,0,0.0,0,0.0,194.70000000000002,0.0,89.9,4.9,99.9,0.0,0.0,99.9,2025-03
2025-03-19,0.0,0.0,79.9,79.9,0.0,79.9,0.0,119.9,0.0,0,0.0,0.0,0.0,0,0,0.0,0.0,0.0,0,0,359.6,0.0,2024-03-19,50.0,Comissão,0.0,0,0.0,0,0.0,0,0.0,0,0.0,0,0.0,0,0.0,0,0.0,0,0.0,0,50.0,0.0,0,0.0,0,0.0,0,0.0,0,0.0,359.6,0.0,0.0,159.8,199.8,0.0,0.0,199.8,2025-03
2025-03-20,0.0,79.9,0.0,0.0,0.0,69.9,39.9,0.0,0.0,0,0.0,0.0,0.0,0,0,0.0,0.0,0.0,0,0,189.7,0.0,2024-03-20,0.0,0,0.0,0,0.0,0,0.0,0,0.0,0,0.0,0,0.0,0,0.0,0,0.0,0,0.0,0,0.0,0.0,0,0.0,0,0.0,0,0.0,0,0.0,189.70000000000002,0.0,79.9,0.0,109.80000000000001,0.0,0.0,109.80000000000001,2025-03
2025-03-21,0.0,161.2,39.9,0.0,0.0,0.0,0.0,0.0,0.0,0,0.0,0.0,0.0,0,0,0.0,0.0,0.0,0,0,201.1,0.0,2024-03-21,0.0,0,0.0,0,0.0,0,0.0,0,0.0,0,0.0,0,0.0,0,0.0,0,0.0,0,0.0,0,0.0,0.0,0,0.0,0,0.0,0,0.0,0,0.0,201.1,0.0,161.2,39.9,0.0,0.0,0.0,0.0,2025-03
2025-03-22,0.0,109.9,59.9,199.6,0.0,389.5,159.8,0.0,0.0,0,139.8,0.0,0.0,0,0,0.0,0.0,0.0,0,0,1058.5,0.0,2024-03-22,0.0,0,0.0,0,0.0,0,0.0,0,0.0,0,0.0,0,0.0,0,0.0,0,0.0,0,0.0,0,0.0,0.0,0,0.0,0,0.0,0,0.0,0,0.0,1058.5,0.0,109.9,259.5,549.3,139.8,0.0,689.0999999999999,2025-03
2025-03-23,0.0,0.0,0.0,0.0,0.0,0.0,0.0,0.0,0.0,0,0.0,0.0,0.0,0,0,0.0,0.0,0.0,0,0,0.0,0.0,2024-03-23,0.0,0,0.0,0,0.0,0,0.0,0,0.0,0,0.0,0,0.0,0,0.0,0,0.0,0,0.0,0,0.0,0.0,0,0.0,0,0.0,0,0.0,0,0.0,0.0,0.0,0.0,0.0,0.0,0.0,0.0,0.0,2025-03
2025-03-24,0.0,0.0,0.0,0.0,0.0,0.0,0.0,0.0,0.0,0,0.0,0.0,0.0,0,0,0.0,0.0,0.0,0,0,0.0,0.0,2024-03-24,0.0,0,0.0,0,0.0,0,0.0,0,0.0,0,0.0,0,0.0,0,0.0,0,0.0,0,0.0,0,0.0,0.0,0,0.0,0,0.0,0,0.0,0,0.0,0.0,0.0,0.0,0.0,0.0,0.0,0.0,0.0,2025-03
2025-03-25,0.0,0.0,0.0,0.0,0.0,0.0,0.0,0.0,0.0,0,0.0,219.8,0.0,0,0,0.0,0.0,0.0,0,0,219.8,0.0,2024-03-25,0.0,0,0.0,0,0.0,0,0.0,0,0.0,0,0.0,0,0.0,0,0.0,0,0.0,0,0.0,0,0.0,0.0,0,0.0,0,0.0,0,0.0,0,0.0,219.8,0.0,0.0,0.0,0.0,219.8,0.0,219.8,2025-03
2025-03-26,0.0,85.4,0.0,0.0,0.0,0.0,0.0,0.0,0.0,0,0.0,0.0,0.0,0,0,0.0,0.0,0.0,0,0,85.4,0.0,2024-03-26,0.0,0,0.0,0,0.0,0,0.0,0,0.0,0,0.0,0,0.0,0,0.0,0,0.0,0,0.0,0,0.0,0.0,0,0.0,0,0.0,0,0.0,0,0.0,85.4,0.0,85.4,0.0,0.0,0.0,0.0,0.0,2025-03
2025-03-27,0.0,132.81,0.0,0.0,0.0,0.0,129.8,0.0,0.0,0,149.9,0.0,0.0,0,0,0.0,0.0,0.0,0,0,412.5100000000001,0.0,2024-03-27,0.0,0,0.0,0,0.0,0,0.0,0,0.0,0,0.0,0,0.0,0,0.0,0,0.0,0,0.0,0,0.0,0.0,0,0.0,0,0.0,0,0.0,0,0.0,412.51,0.0,132.81,0.0,129.8,149.9,0.0,279.70000000000005,2025-03
2025-03-28,0.0,0.0,0.0,0.0,0.0,229.7,0.0,0.0,0.0,0,0.0,0.0,0.0,0,0,0.0,0.0,0.0,0,0,229.7,0.0,2024-03-28,0.0,0,0.0,0,0.0,0,0.0,0,0.0,0,0.0,0,0.0,0,0.0,0,0.0,0,0.0,0,0.0,0.0,0,0.0,0,0.0,0,0.0,0,0.0,229.7,0.0,0.0,0.0,229.7,0.0,0.0,229.7,2025-03
2025-03-29,0.0,59.9,254.6,0.0,114.8,94.8,0.0,0.0,0.0,0,159.8,0.0,0.0,0,0,0.0,0.0,0.0,0,0,683.9,0.0,2024-03-29,0.0,0,0.0,0,0.0,0,0.0,0,0.0,0,0.0,0,0.0,0,0.0,0,0.0,0,0.0,0,0.0,0.0,0,0.0,0,0.0,0,0.0,0,0.0,683.9000000000001,0.0,59.9,369.4,94.8,159.8,0.0,254.60000000000002,2025-03
2025-03-30,0.0,0.0,0.0,0.0,0.0,0.0,0.0,0.0,0.0,0,0.0,0.0,0.0,0,0,0.0,0.0,0.0,0,0,0.0,0.0,2024-03-30,0.0,0,0.0,0,0.0,0,0.0,0,0.0,0,0.0,0,0.0,0,0.0,0,0.0,0,0.0,0,0.0,0.0,0,0.0,0,0.0,0,0.0,0,0.0,0.0,0.0,0.0,0.0,0.0,0.0,0.0,0.0,2025-03
2025-03-31,0.0,0.0,0.0,0.0,0.0,0.0,0.0,0.0,0.0,0,0.0,0.0,0.0,0,0,0.0,0.0,0.0,0,0,0.0,0.0,2024-03-31,0.0,0,0.0,0,0.0,0,0.0,0,0.0,0,0.0,0,0.0,0,0.0,0,0.0,0,0.0,0,0.0,0.0,0,0.0,0,0.0,0,0.0,0,0.0,0.0,0.0,0.0,0.0,0.0,0.0,0.0,0.0,2025-03
2025-04-01,0.0,0.0,0.0,0.0,0.0,0.0,0.0,0.0,0.0,0,0.0,0.0,0.0,0,0,0.0,0.0,0.0,0,0,0.0,0.0,2024-04-01,311.89,EMIVE,0.5,Outros,0.0,0,0.0,0,0.0,0,0.0,0,0.0,0,0.0,0,0.0,0,0.0,0,312.39,0.0,0,0.0,0,0.0,0,0.0,0,0.0,0.0,0.0,0.0,0.0,0.0,0.0,0.0,0.0,2025-04
2025-04-02,0.0,0.0,0.0,0.0,0.0,0.0,0.0,0.0,0.0,0,0.0,0.0,0.0,0,0,0.0,0.0,0.0,0,0,0.0,0.0,2024-04-02,0.0,0,0.0,0,0.0,0,0.0,0,0.0,0,0.0,0,0.0,0,0.0,0,0.0,0,0.0,0,0.0,0.0,0,0.0,0,0.0,0,0.0,0,0.0,0.0,0.0,0.0,0.0,0.0,0.0,0.0,0.0,2025-04
2025-04-03,0.0,408.04,39.9,0.0,0.0,0.0,0.0,0.0,0.0,0,0.0,0.0,0.0,0,0,309.72,0.0,0.0,0,0,757.6600000000001,0.0,2024-04-03,2800.0,Consignado,30.0,Microsoft,98.56,Cursos ,752.46,Mercadorias,140.37,Mercadorias,871.48,Mercadorias,405.0,Presence,24.0,Outros,0.0,0,0.0,0,5121.87,0.0,0,0.0,0,0.0,0,0.0,0,0.0,757.6600000000001,0.0,408.04,39.9,0.0,0.0,309.72,309.72,2025-04
2025-04-04,0.0,0.0,94.8,0.0,0.0,0.0,204.7,0.0,0.0,0,0.0,0.0,169.81,0,0,0.0,0.0,0.0,0,0,469.31,0.0,2024-04-04,0.0,0,0.0,0,0.0,0,0.0,0,0.0,0,0.0,0,0.0,0,0.0,0,0.0,0,0.0,0,0.0,0.0,0,0.0,0,0.0,0,0.0,0,0.0,469.31,0.0,0.0,94.8,204.7,169.81,0.0,374.51,2025-04
2025-04-05,0.0,285.6,0.0,0.0,0.0,285.5,159.8,0.0,0.0,0,159.81,0.0,0.0,0,0,0.0,0.0,0.0,0,0,890.71,0.0,2024-04-05,15.0,Fretes,100.0,Diária (s),0.0,0,0.0,0,0.0,0,0.0,0,0.0,0,0.0,0,0.0,0,0.0,0,115.0,0.0,0,0.0,0,0.0,0,0.0,0,0.0,890.71,0.0,285.6,0.0,445.3,159.81,0.0,605.11,2025-04
2025-04-06,0.0,0.0,0.0,0.0,0.0,0.0,0.0,0.0,0.0,0,0.0,0.0,0.0,0,0,0.0,0.0,0.0,0,0,0.0,0.0,2024-04-06,0.0,0,0.0,0,0.0,0,0.0,0,0.0,0,0.0,0,0.0,0,0.0,0,0.0,0,0.0,0,0.0,0.0,0,0.0,0,0.0,0,0.0,0,0.0,0.0,0.0,0.0,0.0,0.0,0.0,0.0,0.0,2025-04
2025-04-07,324.8,151.82,0.0,0.0,0.0,0.0,0.0,0.0,0.0,0,169.8,0.0,0.0,0,0,0.0,0.0,0.0,0,0,646.4200000000001,0.0,2024-04-07,1696.02,Pró-Labore,0.0,0,0.0,0,0.0,0,0.0,0,0.0,0,0.0,0,0.0,0,0.0,0,0.0,0,1696.02,0.0,0,0.0,0,0.0,0,0.0,0,0.0,646.4200000000001,324.8,151.82,0.0,0.0,169.8,0.0,169.8,2025-04
2025-04-08,0.0,386.61,290.42,0.0,0.0,0.0,0.0,0.0,0.0,0,0.0,0.0,0.0,0,0,0.0,0.0,0.0,0,0,677.03,0.0,2024-04-08,0.0,0,0.0,0,0.0,0,0.0,0,0.0,0,0.0,0,0.0,0,0.0,0,0.0,0,0.0,0,0.0,0.0,0,0.0,0,0.0,0,0.0,0,0.0,677.03,0.0,386.61,290.42,0.0,0.0,0.0,0.0,2025-04
2025-04-09,0.0,0.0,0.0,0.0,0.0,39.9,0.0,159.81,0.0,0,0.0,0.0,0.0,0,0,0.0,0.0,0.0,0,0,199.71,0.0,2024-04-09,0.0,0,0.0,0,0.0,0,0.0,0,0.0,0,0.0,0,0.0,0,0.0,0,0.0,0,0.0,0,0.0,0.0,0,0.0,0,0.0,0,0.0,0,0.0,199.71,0.0,0.0,0.0,199.71,0.0,0.0,199.71,2025-04
2025-04-10,100.0,226.82,0.0,0.0,0.0,0.0,0.0,0.0,0.0,0,0.0,0.0,0.0,0,0,0.0,0.0,0.0,0,0,326.82,0.0,2024-04-10,1170.0,Mercadorias,38.65,Aluguel maquininha,56.35,Aluguel maquininha,0.0,0,0.0,0,0.0,0,0.0,0,0.0,0,0.0,0,0.0,0,1265.0,0.0,0,0.0,0,0.0,0,0.0,0,0.0,326.82,100.0,226.82,0.0,0.0,0.0,0.0,0.0,2025-04
2025-04-11,4.9,10.0,39.9,39.9,0.0,0.0,0.0,0.0,0.0,0,0.0,0.0,0.0,0,0,0.0,0.0,0.0,0,0,94.7,0.0,2024-04-11,2795.11,Mercadorias,27.88,Água ,336.68,Luz,473.0,Contabilidade,123.46,Fretes,1000.0,Dívida Rosstamp,500.0,Dívida Fan Store,166.98,DARF,445.24,Simples Nacional,206.0,Comissão,6074.35,0.0,0,0.0,0,0.0,0,0.0,0,0.0,94.69999999999999,4.9,10.0,79.8,0.0,0.0,0.0,0.0,2025-04
2025-04-12,0.0,79.9,199.8,0.0,0.0,349.51,0.0,0.0,0.0,0,409.53,0.0,0.0,0,0,0.0,0.0,159.8,0,0,1198.54,0.0,2024-04-12,20.0,Crédito Celular,334.8,Cartão de Crédito,65.0,Diária (s),0.0,0,0.0,0,0.0,0,0.0,0,0.0,0,0.0,0,0.0,0,419.8,0.0,0,0.0,0,0.0,0,0.0,0,0.0,1198.54,0.0,79.9,199.8,349.51,409.53,159.8,918.8399999999999,2025-04
2025-04-13,0.0,0.0,0.0,0.0,0.0,0.0,0.0,0.0,0.0,0,0.0,0.0,0.0,0,0,0.0,0.0,0.0,0,0,0.0,0.0,2024-04-13,0.0,0,0.0,0,0.0,0,0.0,0,0.0,0,0.0,0,0.0,0,0.0,0,0.0,0,0.0,0,0.0,0.0,0,0.0,0,0.0,0,0.0,0,0.0,0.0,0.0,0.0,0.0,0.0,0.0,0.0,0.0,2025-04
2025-04-14,0.0,20.0,0.0,0.0,0.0,0.0,0.0,0.0,0.0,0,209.61,0.0,0.0,0,0,0.0,0.0,0.0,0,0,229.61,0.0,2024-04-14,2080.34,PRONAMP,0.0,0,0.0,0,0.0,0,0.0,0,0.0,0,0.0,0,0.0,0,0.0,0,0.0,0,2080.34,0.0,0,0.0,0,0.0,0,0.0,0,0.0,229.61,0.0,20.0,0.0,0.0,209.61,0.0,209.61,2025-04
2025-04-15,79.9,90.06,0.0,0.0,0.0,129.8,0.0,39.9,0.0,0,0.0,0.0,0.0,0,0,0.0,0.0,0.0,0,0,339.66,0.0,2024-04-15,200.0,Diária (s),0.0,0,0.0,0,0.0,0,0.0,0,0.0,0,0.0,0,0.0,0,0.0,0,0.0,0,200.0,0.0,0,0.0,0,0.0,0,0.0,0,0.0,339.65999999999997,79.9,90.06,0.0,169.70000000000002,0.0,0.0,169.70000000000002,2025-04
2025-04-16,144.9,0.0,0.0,0.0,0.0,184.8,0.0,0.0,0.0,0,0.0,0.0,0.0,0,0,0.0,0.0,0.0,0,0,329.70000000000005,0.0,2024-04-16,14.0,Manutenção/Escritótio,1888.0,Empréstimos,0.0,0,0.0,0,0.0,0,0.0,0,0.0,0,0.0,0,0.0,0,0.0,0,1902.0,0.0,0,0.0,0,0.0,0,0.0,0,0.0,329.70000000000005,144.9,0.0,0.0,184.8,0.0,0.0,184.8,2025-04
2025-04-17,4.8,129.8,149.81,0.0,0.0,0.0,0.0,0.0,0.0,0,100.0,0.0,0.0,0,0,159.8,0.0,0.0,0,0,544.21,0.0,2024-04-17,500.0,Consultor Franquia,0.0,0,0.0,0,0.0,0,0.0,0,0.0,0,0.0,0,0.0,0,0.0,0,0.0,0,500.0,0.0,0,0.0,0,0.0,0,0.0,0,0.0,544.21,4.8,129.8,149.81,0.0,100.0,159.8,259.8,2025-04
2025-04-18,0.0,0.0,0.0,0.0,0.0,0.0,0.0,0.0,0.0,0,0.0,0.0,0.0,0,0,0.0,0.0,0.0,0,0,0.0,0.0,2024-04-18,0.0,0,0.0,0,0.0,0,0.0,0,0.0,0,0.0,0,0.0,0,0.0,0,0.0,0,0.0,0,0.0,0.0,0,0.0,0,0.0,0,0.0,0,0.0,0.0,0.0,0.0,0.0,0.0,0.0,0.0,0.0,2025-04
2025-04-19,10.0,85.4,269.5,0.0,0.0,0.0,0.0,0.0,0.0,0,0.0,100.8,0.0,0,0,0.0,0.0,0.0,0,0,465.7000000000001,0.0,2024-04-19,0.0,0,0.0,0,0.0,0,0.0,0,0.0,0,0.0,0,0.0,0,0.0,0,0.0,0,0.0,0,0.0,0.0,0,0.0,0,0.0,0,0.0,0,0.0,465.7,10.0,85.4,269.5,0.0,100.8,0.0,100.8,2025-04
2025-04-20,0.0,0.0,0.0,0.0,0.0,0.0,0.0,0.0,0.0,0,0.0,0.0,0.0,0,0,0.0,0.0,0.0,0,0,0.0,0.0,2024-04-20,0.0,0,0.0,0,0.0,0,0.0,0,0.0,0,0.0,0,0.0,0,0.0,0,0.0,0,0.0,0,0.0,0.0,0,0.0,0,0.0,0,0.0,0,0.0,0.0,0.0,0.0,0.0,0.0,0.0,0.0,0.0,2025-04
2025-04-21,0.0,211.32,0.0,0.0,0.0,0.0,0.0,0.0,0.0,0,0.0,0.0,0.0,0,0,0.0,0.0,0.0,0,0,211.32,0.0,2024-04-21,0.0,0,0.0,0,0.0,0,0.0,0,0.0,0,0.0,0,0.0,0,0.0,0,0.0,0,0.0,0,0.0,0.0,0,0.0,0,0.0,0,0.0,0,0.0,211.32,0.0,211.32,0.0,0.0,0.0,0.0,0.0,2025-04
2025-04-22,329.7,164.7,0.0,1.0,0.0,0.0,0.0,0.0,0.0,0,0.0,0.0,0.0,0,0,0.0,179.81,0.0,0,0,675.21,0.0,2024-04-22,0.0,0,0.0,0,0.0,0,0.0,0,0.0,0,0.0,0,0.0,0,0.0,0,0.0,0,0.0,0,0.0,0.0,0,0.0,0,0.0,0,0.0,0,0.0,675.21,329.7,164.7,1.0,0.0,0.0,179.81,179.81,2025-04
2025-04-23,0.0,85.0,0.0,105.71,0.0,0.0,0.0,0.0,0.0,0,0.0,0.0,0.0,0,0,0.0,0.0,0.0,0,0,190.71,0.0,2024-04-23,0.0,0,0.0,0,0.0,0,0.0,0,0.0,0,0.0,0,0.0,0,0.0,0,0.0,0,0.0,0,0.0,0.0,0,0.0,0,0.0,0,0.0,0,0.0,190.70999999999998,0.0,85.0,105.71,0.0,0.0,0.0,0.0,2025-04
2025-04-24,174.71,14.9,85.0,0.0,89.9,0.0,0.0,0.0,0.0,0,0.0,0.0,0.0,0,0,0.0,0.0,0.0,0,0,364.51,0.0,2024-04-24,0.0,0,0.0,0,0.0,0,0.0,0,0.0,0,0.0,0,0.0,0,0.0,0,0.0,0,0.0,0,0.0,0.0,0,0.0,0,0.0,0,0.0,0,0.0,364.51,174.71,14.9,174.9,0.0,0.0,0.0,0.0,2025-04
2025-04-25,0.0,161.32,0.0,119.8,0.0,169.81,0.0,0.0,0.0,0,0.0,0.0,0.0,0,0,0.0,0.0,0.0,0,0,450.93,0.0,2024-04-25,100.0,Diária (s),0.5,0,0.0,0,0.0,0,0.0,0,0.0,0,0.0,0,0.0,0,0.0,0,0.0,0,100.5,0.0,0,0.0,0,0.0,0,0.0,0,0.0,450.93,0.0,161.32,119.8,169.81,0.0,0.0,169.81,2025-04
2025-04-26,0.0,0.0,245.0,0.0,0.0,100.8,0.0,0.0,0.0,0,149.8,0.0,0.0,0,0,0.0,0.0,0.0,0,0,495.6,0.0,2024-04-26,0.0,0,0.0,0,0.0,0,0.0,0,0.0,0,0.0,0,0.0,0,0.0,0,0.0,0,0.0,0,0.0,0.0,0,0.0,0,0.0,0,0.0,0,0.0,495.6,0.0,0.0,245.0,100.8,149.8,0.0,250.60000000000002,2025-04
2025-04-27,0.0,0.0,0.0,0.0,0.0,0.0,0.0,0.0,0.0,0,0.0,0.0,0.0,0,0,0.0,0.0,0.0,0,0,0.0,0.0,2024-04-27,0.0,0,0.0,0,0.0,0,0.0,0,0.0,0,0.0,0,0.0,0,0.0,0,0.0,0,0.0,0,0.0,0.0,0,0.0,0,0.0,0,0.0,0,0.0,0.0,0.0,0.0,0.0,0.0,0.0,0.0,0.0,2025-04
2025-04-28,0.0,0.0,150.7,0.0,0.0,159.8,0.0,0.0,0.0,0,0.0,0.0,0.0,0,0,0.0,0.0,0.0,0,0,310.5,0.0,2024-04-28,0.0,0,0.0,0,0.0,0,0.0,0,0.0,0,0.0,0,0.0,0,0.0,0,0.0,0,0.0,0,0.0,0.0,0,0.0,0,0.0,0,0.0,0,0.0,310.5,0.0,0.0,150.7,159.8,0.0,0.0,159.8,2025-04
2025-04-29,0.0,0.0,269.8,0.0,0.0,0.0,89.9,0.0,0.0,0,0.0,0.0,0.0,0,0,0.0,0.0,0.0,0,0,359.70000000000005,0.0,2024-04-29,200.0,Diária (s),0.0,0,0.0,0,0.0,0,0.0,0,0.0,0,0.0,0,0.0,0,0.0,0,0.0,0,200.0,0.0,0,0.0,0,0.0,0,0.0,0,0.0,359.70000000000005,0.0,0.0,269.8,89.9,0.0,0.0,89.9,2025-04
2025-04-30,0.0,0.0,0.0,0.0,0.0,0.0,0.0,0.0,0.0,0,0.0,0.0,0.0,0,0,0.0,0.0,0.0,0,0,0.0,0.0,2024-04-30,70.0,Diária (s),0.0,0,0.0,0,0.0,0,0.0,0,0.0,0,0.0,0,0.0,0,0.0,0,0.0,0,70.0,0.0,0,0.0,0,0.0,0,0.0,0,0.0,0.0,0.0,0.0,0.0,0.0,0.0,0.0,0.0,2025-04
2025-05-01,0.0,0.0,0.0,0.0,0.0,0.0,0.0,180.7,0.0,0,0.0,0.0,0.0,0,0,0.0,0.0,0.0,0,0,180.7,0.0,2024-05-01,0.0,0,0.0,0,0.0,0,0.0,0,0.0,0,0.0,0,0.0,0,0.0,0,0.0,0,0.0,0,0.0,0.0,0,0.0,0,0.0,0,0.0,0,0.0,180.7,0.0,0.0,0.0,180.7,0.0,0.0,180.7,2025-05
2025-05-02,109.0,10.0,0.0,0.0,0.0,0.0,59.9,0.0,0.0,0,0.0,0.0,0.0,0,0,0.0,0.0,0.0,0,0,178.9,0.0,2024-05-02,0.0,0,0.0,0,0.0,0,0.0,0,0.0,0,0.0,0,0.0,0,0.0,0,0.0,0,0.0,0,0.0,0.0,0,0.0,0,0.0,0,0.0,0,0.0,178.9,109.0,10.0,0.0,59.9,0.0,0.0,59.9,2025-05
2025-05-03,80.0,174.7,0.0,0.0,0.0,0.0,0.0,0.0,0.0,0,0.0,0.0,0.0,0,0,0.0,0.0,0.0,0,0,254.7,0.0,2024-05-03,10.0,Fretes,100.0,Diária (s),0.0,0,0.0,0,0.0,0,0.0,0,0.0,0,0.0,0,0.0,0,0.0,0,110.0,0.0,0,0.0,0,0.0,0,0.0,0,0.0,254.7,80.0,174.7,0.0,0.0,0.0,0.0,0.0,2025-05
2025-05-04,0.0,0.0,0.0,0.0,0.0,0.0,0.0,0.0,0.0,0,0.0,0.0,0.0,0,0,0.0,0.0,0.0,0,0,0.0,0.0,2024-05-04,0.0,0,0.0,0,0.0,0,0.0,0,0.0,0,0.0,0,0.0,0,0.0,0,0.0,0,0.0,0,0.0,0.0,0,0.0,0,0.0,0,0.0,0,0.0,0.0,0.0,0.0,0.0,0.0,0.0,0.0,0.0,2025-05
2025-05-05,0.0,450.3,0.0,0.0,0.0,0.0,0.0,0.0,0.0,0,0.0,0.0,0.0,0,0,0.0,0.0,0.0,0,0,450.3,0.0,2024-05-05,8.0,Manutenção/Escritótio,70.0,Diária (s),0.0,0,0.0,0,0.0,0,0.0,0,0.0,0,0.0,0,0.0,0,0.0,0,78.0,0.0,0,0.0,0,0.0,0,0.0,0,0.0,450.3,0.0,450.3,0.0,0.0,0.0,0.0,0.0,2025-05
2025-05-06,85.4,89.9,0.0,0.0,89.9,119.8,0.0,0.0,0.0,0,0.0,0.0,0.0,0,0,0.0,0.0,0.0,0,0,385.0,0.0,2024-05-06,1700.0,Pró-Labore,2800.0,Consignado,30.0,Microsoft,98.56,Cursos ,0.0,0,0.0,0,0.0,0,0.0,0,0.0,0,0.0,0,4628.56,0.0,0,0.0,0,0.0,0,0.0,0,0.0,385.00000000000006,85.4,89.9,89.9,119.8,0.0,0.0,119.8,2025-05
2025-05-07,179.8,75.9,0.0,0.0,0.0,0.0,0.0,159.8,0.0,0,0.0,0.0,0.0,0,0,0.0,0.0,0.0,0,0,415.5,0.0,2024-05-07,0.0,0,0.0,0,0.0,0,0.0,0,0.0,0,0.0,0,0.0,0,0.0,0,0.0,0,0.0,0,0.0,0.0,0,0.0,0,0.0,0,0.0,0,0.0,415.5,179.8,75.9,0.0,159.8,0.0,0.0,159.8,2025-05
2025-05-08,0.0,304.21,391.41,0.0,0.0,0.0,0.0,0.0,0.0,0,109.9,0.0,0.0,0,0,0.0,0.0,0.0,0,0,805.52,0.0,2024-05-08,10.0,Fretes,50.0,Diária (s),0.0,0,0.0,0,0.0,0,0.0,0,0.0,0,0.0,0,0.0,0,0.0,0,60.0,0.0,0,0.0,0,0.0,0,0.0,0,0.0,805.52,0.0,304.21,391.41,0.0,109.9,0.0,109.9,2025-05
2025-05-09,0.0,324.95,0.0,0.0,0.0,169.81,270.62,0.0,0.0,0,0.0,189.81,0.0,0,0,324.95,0.0,0.0,0,0,1280.14,0.0,2024-05-09,10.0,Fretes,50.0,Diária (s),4652.8,Mercadorias,0.0,0,0.0,0,0.0,0,0.0,0,0.0,0,0.0,0,0.0,0,4712.8,0.0,0,0.0,0,0.0,0,0.0,0,0.0,1280.14,0.0,324.95,0.0,440.43,189.81,324.95,955.19,2025-05
2025-05-10,0.0,89.91,411.31,0.0,89.9,364.51,89.9,0.0,0.0,0,426.32,0.0,0.0,0,0,449.52,0.0,0.0,0,0,1921.37,0.0,2024-05-10,20.36,Água ,305.98,Luz,1170.0,Mercadorias,50.0,Diária (s),0.0,0,0.0,0,0.0,0,0.0,0,0.0,0,0.0,0,1546.34,0.0,0,0.0,0,0.0,0,0.0,0,0.0,1921.37,0.0,89.91,501.21000000000004,454.40999999999997,426.32,449.52,1330.25,2025-05
2025-05-11,0.0,0.0,0.0,0.0,0.0,0.0,0.0,0.0,0.0,0,0.0,0.0,0.0,0,0,0.0,0.0,0.0,0,0,0.0,0.0,2024-05-11,0.0,0,0.0,0,0.0,0,0.0,0,0.0,0,0.0,0,0.0,0,0.0,0,0.0,0,0.0,0,0.0,0.0,0,0.0,0,0.0,0,0.0,0,0.0,0.0,0.0,0.0,0.0,0.0,0.0,0.0,0.0,2025-05
2025-05-12,0.0,388.71,85.4,89.9,0.0,39.9,0.0,0.0,0.0,0,0.0,149.8,0.0,0,0,0.0,0.0,0.0,0,0,753.71,0.0,2024-05-12,166.98,DARF,414.08,Presence,354.39,EMIVE,3.25,Cartão de Crédito,50.0,Marketing Local,100.0,Diária (s),95.0,Aluguel maquininha,0.0,0,0.0,0,0.0,0,1183.7,0.0,0,0.0,0,0.0,0,0.0,0,0.0,753.71,0.0,388.71,175.3,39.9,149.8,0.0,189.70000000000002,2025-05
2025-05-13,0.0,0.0,0.0,0.0,0.0,0.0,0.0,0.0,0.0,0,0.0,0.0,0.0,0,0,0.0,0.0,0.0,0,0,0.0,0.0,2024-05-13,0.0,0,0.0,0,0.0,0,0.0,0,0.0,0,0.0,0,0.0,0,0.0,0,0.0,0,0.0,0,0.0,0.0,0,0.0,0,0.0,0,0.0,0,0.0,0.0,0.0,0.0,0.0,0.0,0.0,0.0,0.0,2025-05
2025-05-14,0.0,242.74,0.0,30.0,0.0,99.9,0.0,0.0,0.0,0,179.81,0.0,0.0,0,0,0.0,0.0,0.0,0,0,552.45,0.0,2024-05-14,1000.0,Contabilidade,446.81,Simples Nacional,0.0,0,0.0,0,0.0,0,0.0,0,0.0,0,0.0,0,0.0,0,0.0,0,1446.81,0.0,0,0.0,0,0.0,0,0.0,0,0.0,552.45,0.0,242.74,30.0,99.9,179.81,0.0,279.71000000000004,2025-05
2025-05-15,0.0,174.8,450.54,0.0,0.0,0.0,0.0,0.0,0.0,0,0.0,0.0,0.0,0,0,0.0,0.0,0.0,0,0,625.34,0.0,2024-05-15,50.0,Diária (s),165.15,Tarifa Plano Adapt ,0.0,0,0.0,0,0.0,0,0.0,0,0.0,0,0.0,0,0.0,0,0.0,0,215.15,0.0,0,0.0,0,0.0,0,0.0,0,0.0,625.34,0.0,174.8,450.54,0.0,0.0,0.0,0.0,2025-05
2025-05-16,0.0,256.22,140.5,0.0,0.0,89.9,0.0,0.0,0.0,0,0.0,0.0,0.0,0,0,0.0,220.0,0.0,0,0,706.62,0.0,2024-05-16,15.0,Fretes,50.0,Diária (s),0.0,0,0.0,0,0.0,0,0.0,0,0.0,0,0.0,0,0.0,0,0.0,0,65.0,0.0,0,0.0,0,0.0,0,0.0,0,0.0,706.62,0.0,256.22,140.5,89.9,0.0,220.0,309.9,2025-05
2025-05-17,99.9,0.0,129.8,90.8,100.8,0.0,259.71,0.0,0.0,0,250.7,0.0,0.0,0,0,0.0,0.0,0.0,0,0,931.71,0.0,2024-05-17,50.0,Diária (s),0.0,0,0.0,0,0.0,0,0.0,0,0.0,0,0.0,0,0.0,0,0.0,0,0.0,0,50.0,0.0,0,0.0,0,0.0,0,0.0,0,0.0,931.71,99.9,0.0,321.40000000000003,259.71,250.7,0.0,510.40999999999997,2025-05
2025-05-18,0.0,0.0,0.0,0.0,0.0,0.0,0.0,0.0,0.0,0,0.0,0.0,0.0,0,0,0.0,0.0,0.0,0,0,0.0,0.0,2024-05-18,0.0,0,0.0,0,0.0,0,0.0,0,0.0,0,0.0,0,0.0,0,0.0,0,0.0,0,0.0,0,0.0,0.0,0,0.0,0,0.0,0,0.0,0,0.0,0.0,0.0,0.0,0.0,0.0,0.0,0.0,0.0,2025-05
2025-05-19,30.0,69.9,199.8,0.0,0.0,0.0,0.0,0.0,0.0,0,0.0,0.0,0.0,0,0,0.0,0.0,0.0,0,0,299.70000000000005,0.0,2024-05-19,34.9,Emprestado,0.0,0,0.0,0,0.0,0,0.0,0,0.0,0,0.0,0,0.0,0,0.0,0,0.0,0,34.9,0.0,0,0.0,0,0.0,0,0.0,0,0.0,299.70000000000005,30.0,69.9,199.8,0.0,0.0,0.0,0.0,2025-05
2025-05-20,0.0,10.0,89.9,0.0,0.0,0.0,0.0,0.0,0.0,0,0.0,0.0,0.0,0,0,0.0,0.0,0.0,0,0,99.9,0.0,2024-05-20,100.0,Diária (s),0.0,0,0.0,0,0.0,0,0.0,0,0.0,0,0.0,0,0.0,0,0.0,0,0.0,0,100.0,0.0,0,0.0,0,0.0,0,0.0,0,0.0,99.9,0.0,10.0,89.9,0.0,0.0,0.0,0.0,2025-05
2025-05-21,0.0,0.0,200.71,84.9,0.0,190.71,89.9,0.0,0.0,0,0.0,0.0,0.0,0,0,0.0,0.0,0.0,0,0,566.22,0.0,2024-05-21,0.0,0,0.0,0,0.0,0,0.0,0,0.0,0,0.0,0,0.0,0,0.0,0,0.0,0,0.0,0,0.0,0.0,0,0.0,0,0.0,0,0.0,0,0.0,566.22,0.0,0.0,285.61,280.61,0.0,0.0,280.61,2025-05
2025-05-22,100.0,0.0,0.0,0.0,0.0,0.0,0.0,0.0,0.0,0,100.8,0.0,0.0,0,0,0.0,0.0,0.0,0,0,200.8,0.0,2024-05-22,50.0,Diária (s),40.0,Marketing Local,0.0,0,0.0,0,0.0,0,0.0,0,0.0,0,0.0,0,0.0,0,0.0,0,90.0,0.0,0,0.0,0,0.0,0,0.0,0,0.0,200.8,100.0,0.0,0.0,0.0,100.8,0.0,100.8,2025-05
2025-05-23,0.0,75.9,0.0,0.0,0.0,0.0,0.0,0.0,0.0,0,0.0,0.0,0.0,0,0,0.0,369.61,0.0,0,0,445.51,0.0,2024-05-23,50.0,Diária (s),0.0,0,0.0,0,0.0,0,0.0,0,0.0,0,0.0,0,0.0,0,0.0,0,0.0,0,50.0,0.0,0,0.0,0,0.0,0,0.0,0,0.0,445.51,0.0,75.9,0.0,0.0,0.0,369.61,369.61,2025-05
2025-05-24,0.0,700.19,299.6,0.0,0.0,214.7,0.0,0.0,0.0,0,189.8,0.0,0.0,0,0,0.0,0.0,0.0,0,0,1404.29,0.0,2024-05-24,10.0,Fretes,10.0,Fretes,100.0,Diária (s),0.0,0,0.0,0,0.0,0,0.0,0,0.0,0,0.0,0,0.0,0,120.0,0.0,0,0.0,0,0.0,0,0.0,0,0.0,1404.29,0.0,700.19,299.6,214.7,189.8,0.0,404.5,2025-05
2025-05-25,0.0,0.0,0.0,0.0,0.0,0.0,0.0,0.0,0.0,0,0.0,0.0,0.0,0,0,0.0,0.0,0.0,0,0,0.0,0.0,2024-05-25,0.0,0,0.0,0,0.0,0,0.0,0,0.0,0,0.0,0,0.0,0,0.0,0,0.0,0,0.0,0,0.0,0.0,0,0.0,0,0.0,0,0.0,0,0.0,0.0,0.0,0.0,0.0,0.0,0.0,0.0,0.0,2025-05
2025-05-26,0.0,0.0,0.0,0.0,0.0,89.9,89.9,0.0,0.0,0,0.0,0.0,0.0,0,0,0.0,0.0,0.0,0,0,179.8,0.0,2024-05-26,0.0,0,0.0,0,0.0,0,0.0,0,0.0,0,0.0,0,0.0,0,0.0,0,0.0,0,0.0,0,0.0,0.0,0,0.0,0,0.0,0,0.0,0,0.0,179.8,0.0,0.0,0.0,179.8,0.0,0.0,179.8,2025-05
2025-05-27,0.0,0.0,0.0,0.0,0.0,0.0,0.0,0.0,0.0,0,0.0,0.0,0.0,0,0,239.8,0.0,0.0,0,0,239.8,0.0,2024-05-27,100.0,Diária (s),0.0,0,0.0,0,0.0,0,0.0,0,0.0,0,0.0,0,0.0,0,0.0,0,0.0,0,100.0,0.0,0,0.0,0,0.0,0,0.0,0,0.0,239.8,0.0,0.0,0.0,0.0,0.0,239.8,239.8,2025-05
2025-05-28,0.0,300.0,0.0,0.0,0.0,99.9,0.0,0.0,0.0,0,0.0,0.0,0.0,0,0,0.0,0.0,0.0,0,0,399.9,0.0,2024-05-28,0.0,0,0.0,0,0.0,0,0.0,0,0.0,0,0.0,0,0.0,0,0.0,0,0.0,0,0.0,0,0.0,0.0,0,0.0,0,0.0,0,0.0,0,0.0,399.9,0.0,300.0,0.0,99.9,0.0,0.0,99.9,2025-05
2025-05-29,89.9,69.9,0.0,0.0,0.0,0.0,0.0,0.0,0.0,0,0.0,0.0,0.0,0,0,0.0,0.0,0.0,0,0,159.8,0.0,2024-05-29,50.0,Diária (s),0.0,0,0.0,0,0.0,0,0.0,0,0.0,0,0.0,0,0.0,0,0.0,0,0.0,0,50.0,0.0,0,0.0,0,0.0,0,0.0,0,0.0,159.8,89.9,69.9,0.0,0.0,0.0,0.0,0.0,2025-05
2025-05-30,0.0,0.0,0.0,0.0,0.0,89.9,0.0,0.0,0.0,0,0.0,0.0,0.0,0,0,0.0,0.0,0.0,0,0,89.9,0.0,2024-05-30,102.81,Fundo de Promoção,50.0,Diária (s),0.0,0,0.0,0,0.0,0,0.0,0,0.0,0,0.0,0,0.0,0,0.0,0,152.81,0.0,0,0.0,0,0.0,0,0.0,0,0.0,89.9,0.0,0.0,0.0,89.9,0.0,0.0,89.9,2025-05
2025-05-31,175.8,165.8,109.7,0.0,0.0,319.61,90.8,0.0,0.0,0,239.7,0.0,0.0,0,0,0.0,0.0,0.0,0,0,1101.41,0.0,2024-05-31,50.0,Marketing Local,50.0,Diária (s),0.0,0,0.0,0,0.0,0,0.0,0,0.0,0,0.0,0,0.0,0,0.0,0,100.0,0.0,0,0.0,0,0.0,0,0.0,0,0.0,1101.41,175.8,165.8,109.7,410.41,239.7,0.0,650.11,2025-05
2025-06-01,0.0,0.0,0.0,0.0,0.0,0.0,0.0,0.0,0.0,0,0.0,0.0,0.0,0,0,0.0,0.0,0.0,0,0,0.0,0.0,2024-06-01,150.0,Manutenção/Escritótio,0.0,0,0.0,0,0.0,0,0.0,0,0.0,0,0.0,0,0.0,0,0.0,0,0.0,0,150.0,0.0,0,0.0,0,0.0,0,0.0,0,0.0,0.0,0.0,0.0,0.0,0.0,0.0,0.0,0.0,2025-06
2025-06-02,0.0,213.71,0.0,0.0,0.0,14.9,0.0,0.0,0.0,0,0.0,0.0,0.0,0,0,0.0,0.0,0.0,0,0,228.61,0.0,2024-06-02,218.6,Comissão,218.6,Comissão,405.0,Presence,140.51,Frete Braspress ,1700.0,Pró-Labore,20.0,Crédito Celular,25.9,Loja,0.0,0,0.0,0,0.0,0,2728.61,0.0,0,0.0,0,0.0,0,0.0,0,0.0,228.61,0.0,213.71,0.0,14.9,0.0,0.0,14.9,2025-06
2025-06-03,0.0,39.9,89.9,0.0,0.0,79.9,0.0,0.0,0.0,0,0.0,0.0,0.0,0,0,0.0,0.0,0.0,0,0,209.7,0.0,2024-06-03,100.0,Diária (s),0.0,0,0.0,0,0.0,0,0.0,0,0.0,0,0.0,0,0.0,0,0.0,0,0.0,0,100.0,0.0,0,0.0,0,0.0,0,0.0,0,0.0,209.70000000000002,0.0,39.9,89.9,79.9,0.0,0.0,79.9,2025-06
2025-06-04,0.0,204.85,114.85,100.8,0.0,0.0,0.0,0.0,0.0,0,0.0,0.0,0.0,0,0,379.4,0.0,0.0,0,0,799.9,0.0,2024-06-04,9293.61,Alex,100.0,Diária (s),0.0,0,0.0,0,0.0,0,0.0,0,0.0,0,0.0,0,0.0,0,0.0,0,9393.61,0.0,0,0.0,0,0.0,0,0.0,0,0.0,799.9,0.0,204.85,215.64999999999998,0.0,0.0,379.4,379.4,2025-06
2025-06-05,0.0,284.7,94.8,94.8,0.0,0.0,0.0,0.0,0.0,0,0.0,0.0,0.0,0,0,0.0,0.0,0.0,0,0,474.3,0.0,2024-06-05,347.18,EMIVE,20.62,Água ,290.0,Contabilidade,50.0,Diária (s),166.98,DARF,0.0,0,0.0,0,0.0,0,0.0,0,0.0,0,874.78,0.0,0,0.0,0,0.0,0,0.0,0,0.0,474.3,0.0,284.7,189.6,0.0,0.0,0.0,0.0,2025-06
2025-06-06,0.0,274.6,230.6,329.5,0.0,0.0,169.8,0.0,0.0,0,0.0,299.5,0.0,0,0,0.0,469.5,0.0,0,0,1773.5,0.0,2024-06-06,50.0,Diária (s),247.41,Luz,0.0,0,0.0,0,0.0,0,0.0,0,0.0,0,0.0,0,0.0,0,0.0,0,297.41,0.0,0,0.0,0,0.0,0,0.0,0,0.0,1773.5,0.0,274.6,560.1,169.8,299.5,469.5,938.8,2025-06
2025-06-07,0.0,0.0,109.9,0.0,0.0,159.8,0.0,0.0,0.0,0,0.0,0.0,0.0,0,0,179.8,289.6,0.0,0,0,739.1,0.0,2024-06-07,100.0,Diária (s),0.0,0,0.0,0,0.0,0,0.0,0,0.0,0,0.0,0,0.0,0,0.0,0,0.0,0,100.0,0.0,0,0.0,0,0.0,0,0.0,0,0.0,739.1000000000001,0.0,0.0,109.9,159.8,0.0,469.40000000000003,629.2,2025-06
2025-06-08,0.0,0.0,0.0,0.0,0.0,0.0,0.0,0.0,0.0,0,0.0,0.0,0.0,0,0,0.0,0.0,0.0,0,0,0.0,0.0,2024-06-08,0.0,0,0.0,0,0.0,0,0.0,0,0.0,0,0.0,0,0.0,0,0.0,0,0.0,0,0.0,0,0.0,0.0,0,0.0,0,0.0,0,0.0,0,0.0,0.0,0.0,0.0,0.0,0.0,0.0,0.0,0.0,2025-06
2025-06-09,0.0,233.22,119.7,0.0,184.7,119.7,0.0,0.0,0.0,0,518.8,149.9,0.0,0,0,0.0,0.0,0.0,0,0,1326.02,0.0,2024-06-09,100.0,Marketing Local,100.0,Diária (s),0.0,0,0.0,0,0.0,0,0.0,0,0.0,0,0.0,0,0.0,0,0.0,0,200.0,0.0,0,0.0,0,0.0,0,0.0,0,0.0,1326.02,0.0,233.22,304.4,119.7,668.6999999999999,0.0,788.4,2025-06
2025-06-10,0.0,671.8,109.9,0.0,0.0,94.8,0.0,0.0,0.0,0,0.0,0.0,0.0,0,0,0.0,0.0,0.0,0,0,876.5,0.0,2024-06-10,95.0,Aluguel maquininha,0.0,0,0.0,0,0.0,0,0.0,0,0.0,0,0.0,0,0.0,0,0.0,0,0.0,0,95.0,0.0,0,0.0,0,0.0,0,0.0,0,0.0,876.4999999999999,0.0,671.8,109.9,94.8,0.0,0.0,94.8,2025-06
2025-06-11,0.0,405.41,139.8,235.81,0.0,219.6,0.0,0.0,0.0,0,0.0,0.0,0.0,0,0,0.0,0.0,0.0,0,0,1000.62,0.0,2024-06-11,15.0,Fretes,100.0,Diária (s),0.0,0,0.0,0,0.0,0,0.0,0,0.0,0,0.0,0,0.0,0,0.0,0,115.0,0.0,0,0.0,0,0.0,0,0.0,0,0.0,1000.62,0.0,405.41,375.61,219.6,0.0,0.0,219.6,2025-06
2025-06-12,79.9,951.0,179.8,0.0,0.0,0.0,89.9,0.0,0.0,0,0.0,0.0,0.0,0,0,194.7,0.0,0.0,0,0,1495.3000000000002,0.0,2024-06-12,50.0,Diária (s),0.0,0,0.0,0,0.0,0,0.0,0,0.0,0,0.0,0,0.0,0,0.0,0,0.0,0,50.0,0.0,0,0.0,0,0.0,0,0.0,0,0.0,1495.3000000000002,79.9,951.0,179.8,89.9,0.0,194.7,284.6,2025-06
2025-06-13,165.9,79.8,499.3,149.8,0.0,79.9,0.0,0.0,0.0,0,229.7,0.0,0.0,0,0,0.0,0.0,0.0,0,0,1204.4,0.0,2024-06-13,637.92,Simples Nacional,165.15,Tarifa Plano Adapt ,50.0,Diária (s),0.0,0,0.0,0,0.0,0,0.0,0,0.0,0,0.0,0,0.0,0,853.0699999999999,0.0,0,0.0,0,0.0,0,0.0,0,0.0,1204.3999999999999,165.9,79.8,649.1,79.9,229.7,0.0,309.6,2025-06
2025-06-14,0.0,271.56,99.9,179.8,0.0,50.0,89.9,0.0,0.0,0,0.0,0.0,0.0,0,0,0.0,0.0,0.0,0,0,691.1600000000001,0.0,2024-06-14,100.0,Diária (s),0.0,0,0.0,0,0.0,0,0.0,0,0.0,0,0.0,0,0.0,0,0.0,0,0.0,0,100.0,0.0,0,0.0,0,0.0,0,0.0,0,0.0,691.16,0.0,271.56,279.70000000000005,139.9,0.0,0.0,139.9,2025-06
2025-06-15,0.0,0.0,0.0,0.0,0.0,0.0,0.0,0.0,0.0,0,0.0,0.0,0.0,0,0,0.0,0.0,0.0,0,0,0.0,0.0,2024-06-15,0.0,0,0.0,0,0.0,0,0.0,0,0.0,0,0.0,0,0.0,0,0.0,0,0.0,0,0.0,0,0.0,0.0,0,0.0,0,0.0,0,0.0,0,0.0,0.0,0.0,0.0,0.0,0.0,0.0,0.0,0.0,2025-06
2025-06-16,0.0,89.9,89.9,0.0,79.9,179.8,0.0,0.0,0.0,0,0.0,0.0,0.0,0,0,0.0,0.0,0.0,0,0,439.5,0.0,2024-06-16,0.0,0,0.0,0,0.0,0,0.0,0,0.0,0,0.0,0,0.0,0,0.0,0,0.0,0,0.0,0,0.0,0.0,0,0.0,0,0.0,0,0.0,0,0.0,439.50000000000006,0.0,89.9,169.8,179.8,0.0,0.0,179.8,2025-06
2025-06-17,0.0,170.81,0.0,0.0,0.0,0.0,0.0,0.0,0.0,0,364.5,0.0,0.0,0,0,0.0,0.0,0.0,0,0,535.31,0.0,2024-06-17,54.05,Cartão de Crédito,26.9,Manutenção/Escritótio,100.0,Diária (s),0.0,0,0.0,0,0.0,0,0.0,0,0.0,0,0.0,0,0.0,0,180.95,0.0,0,0.0,0,0.0,0,0.0,0,0.0,535.31,0.0,170.81,0.0,0.0,364.5,0.0,364.5,2025-06
2025-06-18,59.9,185.4,0.0,0.0,0.0,0.0,0.0,0.0,0.0,0,0.0,0.0,0.0,0,0,0.0,0.0,0.0,0,0,245.3,0.0,2024-06-18,102.12,Fundo de Promoção,10.0,Outros,0.0,0,0.0,0,0.0,0,0.0,0,0.0,0,0.0,0,0.0,0,0.0,0,112.12,0.0,0,0.0,0,0.0,0,0.0,0,0.0,245.3,59.9,185.4,0.0,0.0,0.0,0.0,0.0,2025-06
2025-06-19,0.0,104.8,0.0,0.0,0.0,0.0,0.0,0.0,0.0,0,0.0,0.0,0.0,0,0,0.0,0.0,0.0,0,0,104.8,0.0,2024-06-19,50.0,Diária (s),0.0,0,0.0,0,0.0,0,0.0,0,0.0,0,0.0,0,0.0,0,0.0,0,0.0,0,50.0,0.0,0,0.0,0,0.0,0,0.0,0,0.0,104.8,0.0,104.8,0.0,0.0,0.0,0.0,0.0,2025-06
2025-06-20,0.0,0.0,69.9,0.0,0.0,209.8,89.9,0.0,0.0,0,0.0,0.0,0.0,0,0,0.0,269.7,0.0,0,0,639.3000000000001,0.0,2024-06-20,50.0,Diária (s),0.0,0,0.0,0,0.0,0,0.0,0,0.0,0,0.0,0,0.0,0,0.0,0,0.0,0,50.0,0.0,0,0.0,0,0.0,0,0.0,0,0.0,639.3,0.0,0.0,69.9,299.70000000000005,0.0,269.7,569.4000000000001,2025-06
2025-06-21,0.0,279.7,0.0,0.0,0.0,99.9,0.0,0.0,99.9,0,0.0,149.9,0.0,0,0,0.0,0.0,0.0,0,0,629.4000000000001,0.0,2024-06-21,50.0,Diária (s),0.0,0,0.0,0,0.0,0,0.0,0,0.0,0,0.0,0,0.0,0,0.0,0,0.0,0,50.0,0.0,0,0.0,0,0.0,0,0.0,0,0.0,629.4,0.0,279.7,0.0,199.8,149.9,0.0,349.70000000000005,2025-06
2025-06-22,0.0,0.0,0.0,0.0,0.0,0.0,0.0,0.0,0.0,0,0.0,0.0,0.0,0,0,0.0,0.0,0.0,0,0,0.0,0.0,2024-06-22,0.0,0,0.0,0,0.0,0,0.0,0,0.0,0,0.0,0,0.0,0,0.0,0,0.0,0,0.0,0,0.0,0.0,0,0.0,0,0.0,0,0.0,0,0.0,0.0,0.0,0.0,0.0,0.0,0.0,0.0,0.0,2025-06
2025-06-23,0.0,190.12,0.0,0.0,0.0,99.9,0.0,0.0,0.0,0,0.0,0.0,0.0,0,0,0.0,0.0,0.0,0,0,290.02,0.0,2024-06-23,20.0,Fretes,0.0,0,0.0,0,0.0,0,0.0,0,0.0,0,0.0,0,0.0,0,0.0,0,0.0,0,20.0,0.0,0,0.0,0,0.0,0,0.0,0,0.0,290.02,0.0,190.12,0.0,99.9,0.0,0.0,99.9,2025-06
2025-06-24,95.0,49.9,99.9,0.0,149.8,0.0,0.0,0.0,0.0,0,274.6,0.0,0.0,0,0,0.0,0.0,0.0,0,0,669.2,0.0,2024-06-24,100.0,Diária (s),0.0,0,0.0,0,0.0,0,0.0,0,0.0,0,0.0,0,0.0,0,0.0,0,0.0,0,100.0,0.0,0,0.0,0,0.0,0,0.0,0,0.0,669.2,95.0,49.9,249.70000000000002,0.0,274.6,0.0,274.6,2025-06
2025-06-25,0.0,0.0,0.0,0.0,0.0,0.0,0.0,0.0,0.0,0,0.0,0.0,0.0,0,0,0.0,0.0,0.0,0,0,0.0,0.0,2024-06-25,0.0,0,0.0,0,0.0,0,0.0,0,0.0,0,0.0,0,0.0,0,0.0,0,0.0,0,0.0,0,0.0,0.0,0,0.0,0,0.0,0,0.0,0,0.0,0.0,0.0,0.0,0.0,0.0,0.0,0.0,0.0,2025-06
2025-06-26,0.0,0.0,0.0,0.0,0.0,0.0,0.0,0.0,0.0,0,0.0,0.0,0.0,0,0,0.0,0.0,0.0,0,0,0.0,0.0,2024-06-26,0.0,0,0.0,0,0.0,0,0.0,0,0.0,0,0.0,0,0.0,0,0.0,0,0.0,0,0.0,0,0.0,0.0,0,0.0,0,0.0,0,0.0,0,0.0,0.0,0.0,0.0,0.0,0.0,0.0,0.0,0.0,2025-06
2025-06-27,0.0,0.0,0.0,0.0,0.0,0.0,0.0,0.0,0.0,0,0.0,0.0,0.0,0,0,0.0,0.0,0.0,0,0,0.0,0.0,2024-06-27,0.0,0,0.0,0,0.0,0,0.0,0,0.0,0,0.0,0,0.0,0,0.0,0,0.0,0,0.0,0,0.0,0.0,0,0.0,0,0.0,0,0.0,0,0.0,0.0,0.0,0.0,0.0,0.0,0.0,0.0,0.0,2025-06
2025-06-28,0.0,0.0,0.0,0.0,0.0,0.0,0.0,0.0,0.0,0,0.0,0.0,0.0,0,0,0.0,0.0,0.0,0,0,0.0,0.0,2024-06-28,0.0,0,0.0,0,0.0,0,0.0,0,0.0,0,0.0,0,0.0,0,0.0,0,0.0,0,0.0,0,0.0,0.0,0,0.0,0,0.0,0,0.0,0,0.0,0.0,0.0,0.0,0.0,0.0,0.0,0.0,0.0,2025-06
2025-06-29,0.0,0.0,0.0,0.0,0.0,0.0,0.0,0.0,0.0,0,0.0,0.0,0.0,0,0,0.0,0.0,0.0,0,0,0.0,0.0,2024-06-29,0.0,0,0.0,0,0.0,0,0.0,0,0.0,0,0.0,0,0.0,0,0.0,0,0.0,0,0.0,0,0.0,0.0,0,0.0,0,0.0,0,0.0,0,0.0,0.0,0.0,0.0,0.0,0.0,0.0,0.0,0.0,2025-06
2025-06-30,0.0,0.0,0.0,0.0,0.0,0.0,0.0,0.0,0.0,0,0.0,0.0,0.0,0,0,0.0,0.0,0.0,0,0,0.0,0.0,2024-06-30,0.0,0,0.0,0,0.0,0,0.0,0,0.0,0,0.0,0,0.0,0,0.0,0,0.0,0,0.0,0,0.0,0.0,0,0.0,0,0.0,0,0.0,0,0.0,0.0,0.0,0.0,0.0,0.0,0.0,0.0,0.0,2025-06
2025-07-01,0.0,0.0,0.0,0.0,0.0,0.0,0.0,0.0,0.0,0,0.0,0.0,0.0,0,0,0.0,0.0,0.0,0,0,0.0,0.0,2024-07-01,0.0,0,0.0,0,0.0,0,0.0,0,0.0,0,0.0,0,0.0,0,0.0,0,0.0,0,0.0,0,0.0,0.0,0,0.0,0,0.0,0,0.0,0,0.0,0.0,0.0,0.0,0.0,0.0,0.0,0.0,0.0,2025-07
2025-07-02,0.0,0.0,0.0,0.0,0.0,0.0,0.0,0.0,0.0,0,0.0,0.0,0.0,0,0,0.0,0.0,0.0,0,0,0.0,0.0,2024-07-02,0.0,0,0.0,0,0.0,0,0.0,0,0.0,0,0.0,0,0.0,0,0.0,0,0.0,0,0.0,0,0.0,0.0,0,0.0,0,0.0,0,0.0,0,0.0,0.0,0.0,0.0,0.0,0.0,0.0,0.0,0.0,2025-07
2025-07-03,0.0,0.0,0.0,0.0,0.0,0.0,0.0,0.0,0.0,0,0.0,0.0,0.0,0,0,0.0,0.0,0.0,0,0,0.0,0.0,2024-07-03,0.0,0,0.0,0,0.0,0,0.0,0,0.0,0,0.0,0,0.0,0,0.0,0,0.0,0,0.0,0,0.0,0.0,0,0.0,0,0.0,0,0.0,0,0.0,0.0,0.0,0.0,0.0,0.0,0.0,0.0,0.0,2025-07
2025-07-04,0.0,0.0,0.0,0.0,0.0,0.0,0.0,0.0,0.0,0,0.0,0.0,0.0,0,0,0.0,0.0,0.0,0,0,0.0,0.0,2024-07-04,0.0,0,0.0,0,0.0,0,0.0,0,0.0,0,0.0,0,0.0,0,0.0,0,0.0,0,0.0,0,0.0,0.0,0,0.0,0,0.0,0,0.0,0,0.0,0.0,0.0,0.0,0.0,0.0,0.0,0.0,0.0,2025-07
2025-07-05,0.0,0.0,0.0,0.0,0.0,0.0,0.0,0.0,0.0,0,0.0,0.0,0.0,0,0,0.0,0.0,0.0,0,0,0.0,0.0,2024-07-05,0.0,0,0.0,0,0.0,0,0.0,0,0.0,0,0.0,0,0.0,0,0.0,0,0.0,0,0.0,0,0.0,0.0,0,0.0,0,0.0,0,0.0,0,0.0,0.0,0.0,0.0,0.0,0.0,0.0,0.0,0.0,2025-07
2025-07-06,0.0,0.0,0.0,0.0,0.0,0.0,0.0,0.0,0.0,0,0.0,0.0,0.0,0,0,0.0,0.0,0.0,0,0,0.0,0.0,2024-07-06,0.0,0,0.0,0,0.0,0,0.0,0,0.0,0,0.0,0,0.0,0,0.0,0,0.0,0,0.0,0,0.0,0.0,0,0.0,0,0.0,0,0.0,0,0.0,0.0,0.0,0.0,0.0,0.0,0.0,0.0,0.0,2025-07
2025-07-07,0.0,0.0,0.0,0.0,0.0,0.0,0.0,0.0,0.0,0,0.0,0.0,0.0,0,0,0.0,0.0,0.0,0,0,0.0,0.0,2024-07-07,0.0,0,0.0,0,0.0,0,0.0,0,0.0,0,0.0,0,0.0,0,0.0,0,0.0,0,0.0,0,0.0,0.0,0,0.0,0,0.0,0,0.0,0,0.0,0.0,0.0,0.0,0.0,0.0,0.0,0.0,0.0,2025-07
2025-07-08,0.0,0.0,0.0,0.0,0.0,0.0,0.0,0.0,0.0,0,0.0,0.0,0.0,0,0,0.0,0.0,0.0,0,0,0.0,0.0,2024-07-08,0.0,0,0.0,0,0.0,0,0.0,0,0.0,0,0.0,0,0.0,0,0.0,0,0.0,0,0.0,0,0.0,0.0,0,0.0,0,0.0,0,0.0,0,0.0,0.0,0.0,0.0,0.0,0.0,0.0,0.0,0.0,2025-07
2025-07-09,0.0,0.0,0.0,0.0,0.0,0.0,0.0,0.0,0.0,0,0.0,0.0,0.0,0,0,0.0,0.0,0.0,0,0,0.0,0.0,2024-07-09,0.0,0,0.0,0,0.0,0,0.0,0,0.0,0,0.0,0,0.0,0,0.0,0,0.0,0,0.0,0,0.0,0.0,0,0.0,0,0.0,0,0.0,0,0.0,0.0,0.0,0.0,0.0,0.0,0.0,0.0,0.0,2025-07
2025-07-10,0.0,0.0,0.0,0.0,0.0,0.0,0.0,0.0,0.0,0,0.0,0.0,0.0,0,0,0.0,0.0,0.0,0,0,0.0,0.0,2024-07-10,0.0,0,0.0,0,0.0,0,0.0,0,0.0,0,0.0,0,0.0,0,0.0,0,0.0,0,0.0,0,0.0,0.0,0,0.0,0,0.0,0,0.0,0,0.0,0.0,0.0,0.0,0.0,0.0,0.0,0.0,0.0,2025-07
2025-07-11,0.0,0.0,0.0,0.0,0.0,0.0,0.0,0.0,0.0,0,0.0,0.0,0.0,0,0,0.0,0.0,0.0,0,0,0.0,0.0,2024-07-11,0.0,0,0.0,0,0.0,0,0.0,0,0.0,0,0.0,0,0.0,0,0.0,0,0.0,0,0.0,0,0.0,0.0,0,0.0,0,0.0,0,0.0,0,0.0,0.0,0.0,0.0,0.0,0.0,0.0,0.0,0.0,2025-07
2025-07-12,0.0,0.0,0.0,0.0,0.0,0.0,0.0,0.0,0.0,0,0.0,0.0,0.0,0,0,0.0,0.0,0.0,0,0,0.0,0.0,2024-07-12,0.0,0,0.0,0,0.0,0,0.0,0,0.0,0,0.0,0,0.0,0,0.0,0,0.0,0,0.0,0,0.0,0.0,0,0.0,0,0.0,0,0.0,0,0.0,0.0,0.0,0.0,0.0,0.0,0.0,0.0,0.0,2025-07
2025-07-13,0.0,0.0,0.0,0.0,0.0,0.0,0.0,0.0,0.0,0,0.0,0.0,0.0,0,0,0.0,0.0,0.0,0,0,0.0,0.0,2024-07-13,0.0,0,0.0,0,0.0,0,0.0,0,0.0,0,0.0,0,0.0,0,0.0,0,0.0,0,0.0,0,0.0,0.0,0,0.0,0,0.0,0,0.0,0,0.0,0.0,0.0,0.0,0.0,0.0,0.0,0.0,0.0,2025-07
2025-07-14,0.0,0.0,0.0,0.0,0.0,0.0,0.0,0.0,0.0,0,0.0,0.0,0.0,0,0,0.0,0.0,0.0,0,0,0.0,0.0,2024-07-14,0.0,0,0.0,0,0.0,0,0.0,0,0.0,0,0.0,0,0.0,0,0.0,0,0.0,0,0.0,0,0.0,0.0,0,0.0,0,0.0,0,0.0,0,0.0,0.0,0.0,0.0,0.0,0.0,0.0,0.0,0.0,2025-07
2025-07-15,0.0,0.0,0.0,0.0,0.0,0.0,0.0,0.0,0.0,0,0.0,0.0,0.0,0,0,0.0,0.0,0.0,0,0,0.0,0.0,2024-07-15,0.0,0,0.0,0,0.0,0,0.0,0,0.0,0,0.0,0,0.0,0,0.0,0,0.0,0,0.0,0,0.0,0.0,0,0.0,0,0.0,0,0.0,0,0.0,0.0,0.0,0.0,0.0,0.0,0.0,0.0,0.0,2025-07
2025-07-16,0.0,0.0,0.0,0.0,0.0,0.0,0.0,0.0,0.0,0,0.0,0.0,0.0,0,0,0.0,0.0,0.0,0,0,0.0,0.0,2024-07-16,0.0,0,0.0,0,0.0,0,0.0,0,0.0,0,0.0,0,0.0,0,0.0,0,0.0,0,0.0,0,0.0,0.0,0,0.0,0,0.0,0,0.0,0,0.0,0.0,0.0,0.0,0.0,0.0,0.0,0.0,0.0,2025-07
2025-07-17,0.0,0.0,0.0,0.0,0.0,0.0,0.0,0.0,0.0,0,0.0,0.0,0.0,0,0,0.0,0.0,0.0,0,0,0.0,0.0,2024-07-17,0.0,0,0.0,0,0.0,0,0.0,0,0.0,0,0.0,0,0.0,0,0.0,0,0.0,0,0.0,0,0.0,0.0,0,0.0,0,0.0,0,0.0,0,0.0,0.0,0.0,0.0,0.0,0.0,0.0,0.0,0.0,2025-07
2025-07-18,0.0,0.0,0.0,0.0,0.0,0.0,0.0,0.0,0.0,0,0.0,0.0,0.0,0,0,0.0,0.0,0.0,0,0,0.0,0.0,2024-07-18,0.0,0,0.0,0,0.0,0,0.0,0,0.0,0,0.0,0,0.0,0,0.0,0,0.0,0,0.0,0,0.0,0.0,0,0.0,0,0.0,0,0.0,0,0.0,0.0,0.0,0.0,0.0,0.0,0.0,0.0,0.0,2025-07
2025-07-19,0.0,0.0,0.0,0.0,0.0,0.0,0.0,0.0,0.0,0,0.0,0.0,0.0,0,0,0.0,0.0,0.0,0,0,0.0,0.0,2024-07-19,0.0,0,0.0,0,0.0,0,0.0,0,0.0,0,0.0,0,0.0,0,0.0,0,0.0,0,0.0,0,0.0,0.0,0,0.0,0,0.0,0,0.0,0,0.0,0.0,0.0,0.0,0.0,0.0,0.0,0.0,0.0,2025-07
2025-07-20,0.0,0.0,0.0,0.0,0.0,0.0,0.0,0.0,0.0,0,0.0,0.0,0.0,0,0,0.0,0.0,0.0,0,0,0.0,0.0,2024-07-20,0.0,0,0.0,0,0.0,0,0.0,0,0.0,0,0.0,0,0.0,0,0.0,0,0.0,0,0.0,0,0.0,0.0,0,0.0,0,0.0,0,0.0,0,0.0,0.0,0.0,0.0,0.0,0.0,0.0,0.0,0.0,2025-07
2025-07-21,0.0,0.0,0.0,0.0,0.0,0.0,0.0,0.0,0.0,0,0.0,0.0,0.0,0,0,0.0,0.0,0.0,0,0,0.0,0.0,2024-07-21,0.0,0,0.0,0,0.0,0,0.0,0,0.0,0,0.0,0,0.0,0,0.0,0,0.0,0,0.0,0,0.0,0.0,0,0.0,0,0.0,0,0.0,0,0.0,0.0,0.0,0.0,0.0,0.0,0.0,0.0,0.0,2025-07
2025-07-22,0.0,0.0,0.0,0.0,0.0,0.0,0.0,0.0,0.0,0,0.0,0.0,0.0,0,0,0.0,0.0,0.0,0,0,0.0,0.0,2024-07-22,0.0,0,0.0,0,0.0,0,0.0,0,0.0,0,0.0,0,0.0,0,0.0,0,0.0,0,0.0,0,0.0,0.0,0,0.0,0,0.0,0,0.0,0,0.0,0.0,0.0,0.0,0.0,0.0,0.0,0.0,0.0,2025-07
2025-07-23,0.0,0.0,0.0,0.0,0.0,0.0,0.0,0.0,0.0,0,0.0,0.0,0.0,0,0,0.0,0.0,0.0,0,0,0.0,0.0,2024-07-23,0.0,0,0.0,0,0.0,0,0.0,0,0.0,0,0.0,0,0.0,0,0.0,0,0.0,0,0.0,0,0.0,0.0,0,0.0,0,0.0,0,0.0,0,0.0,0.0,0.0,0.0,0.0,0.0,0.0,0.0,0.0,2025-07
2025-07-24,0.0,0.0,0.0,0.0,0.0,0.0,0.0,0.0,0.0,0,0.0,0.0,0.0,0,0,0.0,0.0,0.0,0,0,0.0,0.0,2024-07-24,0.0,0,0.0,0,0.0,0,0.0,0,0.0,0,0.0,0,0.0,0,0.0,0,0.0,0,0.0,0,0.0,0.0,0,0.0,0,0.0,0,0.0,0,0.0,0.0,0.0,0.0,0.0,0.0,0.0,0.0,0.0,2025-07
2025-07-25,0.0,0.0,0.0,0.0,0.0,0.0,0.0,0.0,0.0,0,0.0,0.0,0.0,0,0,0.0,0.0,0.0,0,0,0.0,0.0,2024-07-25,0.0,0,0.0,0,0.0,0,0.0,0,0.0,0,0.0,0,0.0,0,0.0,0,0.0,0,0.0,0,0.0,0.0,0,0.0,0,0.0,0,0.0,0,0.0,0.0,0.0,0.0,0.0,0.0,0.0,0.0,0.0,2025-07
2025-07-26,0.0,0.0,0.0,0.0,0.0,0.0,0.0,0.0,0.0,0,0.0,0.0,0.0,0,0,0.0,0.0,0.0,0,0,0.0,0.0,2024-07-26,0.0,0,0.0,0,0.0,0,0.0,0,0.0,0,0.0,0,0.0,0,0.0,0,0.0,0,0.0,0,0.0,0.0,0,0.0,0,0.0,0,0.0,0,0.0,0.0,0.0,0.0,0.0,0.0,0.0,0.0,0.0,2025-07
2025-07-27,0.0,0.0,0.0,0.0,0.0,0.0,0.0,0.0,0.0,0,0.0,0.0,0.0,0,0,0.0,0.0,0.0,0,0,0.0,0.0,2024-07-27,0.0,0,0.0,0,0.0,0,0.0,0,0.0,0,0.0,0,0.0,0,0.0,0,0.0,0,0.0,0,0.0,0.0,0,0.0,0,0.0,0,0.0,0,0.0,0.0,0.0,0.0,0.0,0.0,0.0,0.0,0.0,2025-07
2025-07-28,0.0,0.0,0.0,0.0,0.0,0.0,0.0,0.0,0.0,0,0.0,0.0,0.0,0,0,0.0,0.0,0.0,0,0,0.0,0.0,2024-07-28,0.0,0,0.0,0,0.0,0,0.0,0,0.0,0,0.0,0,0.0,0,0.0,0,0.0,0,0.0,0,0.0,0.0,0,0.0,0,0.0,0,0.0,0,0.0,0.0,0.0,0.0,0.0,0.0,0.0,0.0,0.0,2025-07
2025-07-29,0.0,0.0,0.0,0.0,0.0,0.0,0.0,0.0,0.0,0,0.0,0.0,0.0,0,0,0.0,0.0,0.0,0,0,0.0,0.0,2024-07-29,0.0,0,0.0,0,0.0,0,0.0,0,0.0,0,0.0,0,0.0,0,0.0,0,0.0,0,0.0,0,0.0,0.0,0,0.0,0,0.0,0,0.0,0,0.0,0.0,0.0,0.0,0.0,0.0,0.0,0.0,0.0,2025-07
2025-07-30,0.0,0.0,0.0,0.0,0.0,0.0,0.0,0.0,0.0,0,0.0,0.0,0.0,0,0,0.0,0.0,0.0,0,0,0.0,0.0,2024-07-30,0.0,0,0.0,0,0.0,0,0.0,0,0.0,0,0.0,0,0.0,0,0.0,0,0.0,0,0.0,0,0.0,0.0,0,0.0,0,0.0,0,0.0,0,0.0,0.0,0.0,0.0,0.0,0.0,0.0,0.0,0.0,2025-07
2025-07-31,0.0,0.0,0.0,0.0,0.0,0.0,0.0,0.0,0.0,0,0.0,0.0,0.0,0,0,0.0,0.0,0.0,0,0,0.0,0.0,2024-07-31,0.0,0,0.0,0,0.0,0,0.0,0,0.0,0,0.0,0,0.0,0,0.0,0,0.0,0,0.0,0,0.0,0.0,0,0.0,0,0.0,0,0.0,0,0.0,0.0,0.0,0.0,0.0,0.0,0.0,0.0,0.0,2025-07
2025-08-01,0.0,0.0,0.0,0.0,0.0,0.0,0.0,0.0,0.0,0,0.0,0.0,0.0,0,0,0.0,0.0,0.0,0,0,0.0,0.0,2024-08-01,0.0,0,0.0,0,0.0,0,0.0,0,0.0,0,0.0,0,0.0,0,0.0,0,0.0,0,0.0,0,0.0,0.0,0,0.0,0,0.0,0,0.0,0,0.0,0.0,0.0,0.0,0.0,0.0,0.0,0.0,0.0,2025-08
2025-08-02,0.0,0.0,0.0,0.0,0.0,0.0,0.0,0.0,0.0,0,0.0,0.0,0.0,0,0,0.0,0.0,0.0,0,0,0.0,0.0,2024-08-02,0.0,0,0.0,0,0.0,0,0.0,0,0.0,0,0.0,0,0.0,0,0.0,0,0.0,0,0.0,0,0.0,0.0,0,0.0,0,0.0,0,0.0,0,0.0,0.0,0.0,0.0,0.0,0.0,0.0,0.0,0.0,2025-08
2025-08-03,0.0,0.0,0.0,0.0,0.0,0.0,0.0,0.0,0.0,0,0.0,0.0,0.0,0,0,0.0,0.0,0.0,0,0,0.0,0.0,2024-08-03,0.0,0,0.0,0,0.0,0,0.0,0,0.0,0,0.0,0,0.0,0,0.0,0,0.0,0,0.0,0,0.0,0.0,0,0.0,0,0.0,0,0.0,0,0.0,0.0,0.0,0.0,0.0,0.0,0.0,0.0,0.0,2025-08
2025-08-04,0.0,0.0,0.0,0.0,0.0,0.0,0.0,0.0,0.0,0,0.0,0.0,0.0,0,0,0.0,0.0,0.0,0,0,0.0,0.0,2024-08-04,0.0,0,0.0,0,0.0,0,0.0,0,0.0,0,0.0,0,0.0,0,0.0,0,0.0,0,0.0,0,0.0,0.0,0,0.0,0,0.0,0,0.0,0,0.0,0.0,0.0,0.0,0.0,0.0,0.0,0.0,0.0,2025-08
2025-08-05,0.0,0.0,0.0,0.0,0.0,0.0,0.0,0.0,0.0,0,0.0,0.0,0.0,0,0,0.0,0.0,0.0,0,0,0.0,0.0,2024-08-05,0.0,0,0.0,0,0.0,0,0.0,0,0.0,0,0.0,0,0.0,0,0.0,0,0.0,0,0.0,0,0.0,0.0,0,0.0,0,0.0,0,0.0,0,0.0,0.0,0.0,0.0,0.0,0.0,0.0,0.0,0.0,2025-08
2025-08-06,0.0,0.0,0.0,0.0,0.0,0.0,0.0,0.0,0.0,0,0.0,0.0,0.0,0,0,0.0,0.0,0.0,0,0,0.0,0.0,2024-08-06,0.0,0,0.0,0,0.0,0,0.0,0,0.0,0,0.0,0,0.0,0,0.0,0,0.0,0,0.0,0,0.0,0.0,0,0.0,0,0.0,0,0.0,0,0.0,0.0,0.0,0.0,0.0,0.0,0.0,0.0,0.0,2025-08
2025-08-07,0.0,0.0,0.0,0.0,0.0,0.0,0.0,0.0,0.0,0,0.0,0.0,0.0,0,0,0.0,0.0,0.0,0,0,0.0,0.0,2024-08-07,0.0,0,0.0,0,0.0,0,0.0,0,0.0,0,0.0,0,0.0,0,0.0,0,0.0,0,0.0,0,0.0,0.0,0,0.0,0,0.0,0,0.0,0,0.0,0.0,0.0,0.0,0.0,0.0,0.0,0.0,0.0,2025-08
2025-08-08,0.0,0.0,0.0,0.0,0.0,0.0,0.0,0.0,0.0,0,0.0,0.0,0.0,0,0,0.0,0.0,0.0,0,0,0.0,0.0,2024-08-08,0.0,0,0.0,0,0.0,0,0.0,0,0.0,0,0.0,0,0.0,0,0.0,0,0.0,0,0.0,0,0.0,0.0,0,0.0,0,0.0,0,0.0,0,0.0,0.0,0.0,0.0,0.0,0.0,0.0,0.0,0.0,2025-08
2025-08-09,0.0,0.0,0.0,0.0,0.0,0.0,0.0,0.0,0.0,0,0.0,0.0,0.0,0,0,0.0,0.0,0.0,0,0,0.0,0.0,2024-08-09,0.0,0,0.0,0,0.0,0,0.0,0,0.0,0,0.0,0,0.0,0,0.0,0,0.0,0,0.0,0,0.0,0.0,0,0.0,0,0.0,0,0.0,0,0.0,0.0,0.0,0.0,0.0,0.0,0.0,0.0,0.0,2025-08
2025-08-10,0.0,0.0,0.0,0.0,0.0,0.0,0.0,0.0,0.0,0,0.0,0.0,0.0,0,0,0.0,0.0,0.0,0,0,0.0,0.0,2024-08-10,0.0,0,0.0,0,0.0,0,0.0,0,0.0,0,0.0,0,0.0,0,0.0,0,0.0,0,0.0,0,0.0,0.0,0,0.0,0,0.0,0,0.0,0,0.0,0.0,0.0,0.0,0.0,0.0,0.0,0.0,0.0,2025-08
2025-08-11,0.0,0.0,0.0,0.0,0.0,0.0,0.0,0.0,0.0,0,0.0,0.0,0.0,0,0,0.0,0.0,0.0,0,0,0.0,0.0,2024-08-11,0.0,0,0.0,0,0.0,0,0.0,0,0.0,0,0.0,0,0.0,0,0.0,0,0.0,0,0.0,0,0.0,0.0,0,0.0,0,0.0,0,0.0,0,0.0,0.0,0.0,0.0,0.0,0.0,0.0,0.0,0.0,2025-08
2025-08-12,0.0,0.0,0.0,0.0,0.0,0.0,0.0,0.0,0.0,0,0.0,0.0,0.0,0,0,0.0,0.0,0.0,0,0,0.0,0.0,2024-08-12,0.0,0,0.0,0,0.0,0,0.0,0,0.0,0,0.0,0,0.0,0,0.0,0,0.0,0,0.0,0,0.0,0.0,0,0.0,0,0.0,0,0.0,0,0.0,0.0,0.0,0.0,0.0,0.0,0.0,0.0,0.0,2025-08
2025-08-13,0.0,0.0,0.0,0.0,0.0,0.0,0.0,0.0,0.0,0,0.0,0.0,0.0,0,0,0.0,0.0,0.0,0,0,0.0,0.0,2024-08-13,0.0,0,0.0,0,0.0,0,0.0,0,0.0,0,0.0,0,0.0,0,0.0,0,0.0,0,0.0,0,0.0,0.0,0,0.0,0,0.0,0,0.0,0,0.0,0.0,0.0,0.0,0.0,0.0,0.0,0.0,0.0,2025-08
2025-08-14,0.0,0.0,0.0,0.0,0.0,0.0,0.0,0.0,0.0,0,0.0,0.0,0.0,0,0,0.0,0.0,0.0,0,0,0.0,0.0,2024-08-14,0.0,0,0.0,0,0.0,0,0.0,0,0.0,0,0.0,0,0.0,0,0.0,0,0.0,0,0.0,0,0.0,0.0,0,0.0,0,0.0,0,0.0,0,0.0,0.0,0.0,0.0,0.0,0.0,0.0,0.0,0.0,2025-08
2025-08-15,0.0,0.0,0.0,0.0,0.0,0.0,0.0,0.0,0.0,0,0.0,0.0,0.0,0,0,0.0,0.0,0.0,0,0,0.0,0.0,2024-08-15,0.0,0,0.0,0,0.0,0,0.0,0,0.0,0,0.0,0,0.0,0,0.0,0,0.0,0,0.0,0,0.0,0.0,0,0.0,0,0.0,0,0.0,0,0.0,0.0,0.0,0.0,0.0,0.0,0.0,0.0,0.0,2025-08
2025-08-16,0.0,0.0,0.0,0.0,0.0,0.0,0.0,0.0,0.0,0,0.0,0.0,0.0,0,0,0.0,0.0,0.0,0,0,0.0,0.0,2024-08-16,0.0,0,0.0,0,0.0,0,0.0,0,0.0,0,0.0,0,0.0,0,0.0,0,0.0,0,0.0,0,0.0,0.0,0,0.0,0,0.0,0,0.0,0,0.0,0.0,0.0,0.0,0.0,0.0,0.0,0.0,0.0,2025-08
2025-08-17,0.0,0.0,0.0,0.0,0.0,0.0,0.0,0.0,0.0,0,0.0,0.0,0.0,0,0,0.0,0.0,0.0,0,0,0.0,0.0,2024-08-17,0.0,0,0.0,0,0.0,0,0.0,0,0.0,0,0.0,0,0.0,0,0.0,0,0.0,0,0.0,0,0.0,0.0,0,0.0,0,0.0,0,0.0,0,0.0,0.0,0.0,0.0,0.0,0.0,0.0,0.0,0.0,2025-08
2025-08-18,0.0,0.0,0.0,0.0,0.0,0.0,0.0,0.0,0.0,0,0.0,0.0,0.0,0,0,0.0,0.0,0.0,0,0,0.0,0.0,2024-08-18,0.0,0,0.0,0,0.0,0,0.0,0,0.0,0,0.0,0,0.0,0,0.0,0,0.0,0,0.0,0,0.0,0.0,0,0.0,0,0.0,0,0.0,0,0.0,0.0,0.0,0.0,0.0,0.0,0.0,0.0,0.0,2025-08
2025-08-19,0.0,0.0,0.0,0.0,0.0,0.0,0.0,0.0,0.0,0,0.0,0.0,0.0,0,0,0.0,0.0,0.0,0,0,0.0,0.0,2024-08-19,0.0,0,0.0,0,0.0,0,0.0,0,0.0,0,0.0,0,0.0,0,0.0,0,0.0,0,0.0,0,0.0,0.0,0,0.0,0,0.0,0,0.0,0,0.0,0.0,0.0,0.0,0.0,0.0,0.0,0.0,0.0,2025-08
2025-08-20,0.0,0.0,0.0,0.0,0.0,0.0,0.0,0.0,0.0,0,0.0,0.0,0.0,0,0,0.0,0.0,0.0,0,0,0.0,0.0,2024-08-20,0.0,0,0.0,0,0.0,0,0.0,0,0.0,0,0.0,0,0.0,0,0.0,0,0.0,0,0.0,0,0.0,0.0,0,0.0,0,0.0,0,0.0,0,0.0,0.0,0.0,0.0,0.0,0.0,0.0,0.0,0.0,2025-08
2025-08-21,0.0,0.0,0.0,0.0,0.0,0.0,0.0,0.0,0.0,0,0.0,0.0,0.0,0,0,0.0,0.0,0.0,0,0,0.0,0.0,2024-08-21,0.0,0,0.0,0,0.0,0,0.0,0,0.0,0,0.0,0,0.0,0,0.0,0,0.0,0,0.0,0,0.0,0.0,0,0.0,0,0.0,0,0.0,0,0.0,0.0,0.0,0.0,0.0,0.0,0.0,0.0,0.0,2025-08
2025-08-22,0.0,0.0,0.0,0.0,0.0,0.0,0.0,0.0,0.0,0,0.0,0.0,0.0,0,0,0.0,0.0,0.0,0,0,0.0,0.0,2024-08-22,0.0,0,0.0,0,0.0,0,0.0,0,0.0,0,0.0,0,0.0,0,0.0,0,0.0,0,0.0,0,0.0,0.0,0,0.0,0,0.0,0,0.0,0,0.0,0.0,0.0,0.0,0.0,0.0,0.0,0.0,0.0,2025-08
2025-08-23,0.0,0.0,0.0,0.0,0.0,0.0,0.0,0.0,0.0,0,0.0,0.0,0.0,0,0,0.0,0.0,0.0,0,0,0.0,0.0,2024-08-23,0.0,0,0.0,0,0.0,0,0.0,0,0.0,0,0.0,0,0.0,0,0.0,0,0.0,0,0.0,0,0.0,0.0,0,0.0,0,0.0,0,0.0,0,0.0,0.0,0.0,0.0,0.0,0.0,0.0,0.0,0.0,2025-08
2025-08-24,0.0,0.0,0.0,0.0,0.0,0.0,0.0,0.0,0.0,0,0.0,0.0,0.0,0,0,0.0,0.0,0.0,0,0,0.0,0.0,2024-08-24,0.0,0,0.0,0,0.0,0,0.0,0,0.0,0,0.0,0,0.0,0,0.0,0,0.0,0,0.0,0,0.0,0.0,0,0.0,0,0.0,0,0.0,0,0.0,0.0,0.0,0.0,0.0,0.0,0.0,0.0,0.0,2025-08
2025-08-25,0.0,0.0,0.0,0.0,0.0,0.0,0.0,0.0,0.0,0,0.0,0.0,0.0,0,0,0.0,0.0,0.0,0,0,0.0,0.0,2024-08-25,0.0,0,0.0,0,0.0,0,0.0,0,0.0,0,0.0,0,0.0,0,0.0,0,0.0,0,0.0,0,0.0,0.0,0,0.0,0,0.0,0,0.0,0,0.0,0.0,0.0,0.0,0.0,0.0,0.0,0.0,0.0,2025-08
2025-08-26,0.0,0.0,0.0,0.0,0.0,0.0,0.0,0.0,0.0,0,0.0,0.0,0.0,0,0,0.0,0.0,0.0,0,0,0.0,0.0,2024-08-26,0.0,0,0.0,0,0.0,0,0.0,0,0.0,0,0.0,0,0.0,0,0.0,0,0.0,0,0.0,0,0.0,0.0,0,0.0,0,0.0,0,0.0,0,0.0,0.0,0.0,0.0,0.0,0.0,0.0,0.0,0.0,2025-08
2025-08-27,0.0,0.0,0.0,0.0,0.0,0.0,0.0,0.0,0.0,0,0.0,0.0,0.0,0,0,0.0,0.0,0.0,0,0,0.0,0.0,2024-08-27,0.0,0,0.0,0,0.0,0,0.0,0,0.0,0,0.0,0,0.0,0,0.0,0,0.0,0,0.0,0,0.0,0.0,0,0.0,0,0.0,0,0.0,0,0.0,0.0,0.0,0.0,0.0,0.0,0.0,0.0,0.0,2025-08
2025-08-28,0.0,0.0,0.0,0.0,0.0,0.0,0.0,0.0,0.0,0,0.0,0.0,0.0,0,0,0.0,0.0,0.0,0,0,0.0,0.0,2024-08-28,0.0,0,0.0,0,0.0,0,0.0,0,0.0,0,0.0,0,0.0,0,0.0,0,0.0,0,0.0,0,0.0,0.0,0,0.0,0,0.0,0,0.0,0,0.0,0.0,0.0,0.0,0.0,0.0,0.0,0.0,0.0,2025-08
2025-08-29,0.0,0.0,0.0,0.0,0.0,0.0,0.0,0.0,0.0,0,0.0,0.0,0.0,0,0,0.0,0.0,0.0,0,0,0.0,0.0,2024-08-29,0.0,0,0.0,0,0.0,0,0.0,0,0.0,0,0.0,0,0.0,0,0.0,0,0.0,0,0.0,0,0.0,0.0,0,0.0,0,0.0,0,0.0,0,0.0,0.0,0.0,0.0,0.0,0.0,0.0,0.0,0.0,2025-08
2025-08-30,0.0,0.0,0.0,0.0,0.0,0.0,0.0,0.0,0.0,0,0.0,0.0,0.0,0,0,0.0,0.0,0.0,0,0,0.0,0.0,2024-08-30,0.0,0,0.0,0,0.0,0,0.0,0,0.0,0,0.0,0,0.0,0,0.0,0,0.0,0,0.0,0,0.0,0.0,0,0.0,0,0.0,0,0.0,0,0.0,0.0,0.0,0.0,0.0,0.0,0.0,0.0,0.0,2025-08
2025-08-31,0.0,0.0,0.0,0.0,0.0,0.0,0.0,0.0,0.0,0,0.0,0.0,0.0,0,0,0.0,0.0,0.0,0,0,0.0,0.0,2024-08-31,0.0,0,0.0,0,0.0,0,0.0,0,0.0,0,0.0,0,0.0,0,0.0,0,0.0,0,0.0,0,0.0,0.0,0,0.0,0,0.0,0,0.0,0,0.0,0.0,0.0,0.0,0.0,0.0,0.0,0.0,0.0,2025-08
2025-09-01,0.0,0.0,0.0,0.0,0.0,0.0,0.0,0.0,0.0,0,0.0,0.0,0.0,0,0,0.0,0.0,0.0,0,0,0.0,0.0,2024-09-01,0.0,0,0.0,0,0.0,0,0.0,0,0.0,0,0.0,0,0.0,0,0.0,0,0.0,0,0.0,0,0.0,0.0,0,0.0,0,0.0,0,0.0,0,0.0,0.0,0.0,0.0,0.0,0.0,0.0,0.0,0.0,2025-09
2025-09-02,0.0,0.0,0.0,0.0,0.0,0.0,0.0,0.0,0.0,0,0.0,0.0,0.0,0,0,0.0,0.0,0.0,0,0,0.0,0.0,2024-09-02,0.0,0,0.0,0,0.0,0,0.0,0,0.0,0,0.0,0,0.0,0,0.0,0,0.0,0,0.0,0,0.0,0.0,0,0.0,0,0.0,0,0.0,0,0.0,0.0,0.0,0.0,0.0,0.0,0.0,0.0,0.0,2025-09
2025-09-03,0.0,0.0,0.0,0.0,0.0,0.0,0.0,0.0,0.0,0,0.0,0.0,0.0,0,0,0.0,0.0,0.0,0,0,0.0,0.0,2024-09-03,0.0,0,0.0,0,0.0,0,0.0,0,0.0,0,0.0,0,0.0,0,0.0,0,0.0,0,0.0,0,0.0,0.0,0,0.0,0,0.0,0,0.0,0,0.0,0.0,0.0,0.0,0.0,0.0,0.0,0.0,0.0,2025-09
2025-09-04,0.0,0.0,0.0,0.0,0.0,0.0,0.0,0.0,0.0,0,0.0,0.0,0.0,0,0,0.0,0.0,0.0,0,0,0.0,0.0,2024-09-04,0.0,0,0.0,0,0.0,0,0.0,0,0.0,0,0.0,0,0.0,0,0.0,0,0.0,0,0.0,0,0.0,0.0,0,0.0,0,0.0,0,0.0,0,0.0,0.0,0.0,0.0,0.0,0.0,0.0,0.0,0.0,2025-09
2025-09-05,0.0,0.0,0.0,0.0,0.0,0.0,0.0,0.0,0.0,0,0.0,0.0,0.0,0,0,0.0,0.0,0.0,0,0,0.0,0.0,2024-09-05,0.0,0,0.0,0,0.0,0,0.0,0,0.0,0,0.0,0,0.0,0,0.0,0,0.0,0,0.0,0,0.0,0.0,0,0.0,0,0.0,0,0.0,0,0.0,0.0,0.0,0.0,0.0,0.0,0.0,0.0,0.0,2025-09
2025-09-06,0.0,0.0,0.0,0.0,0.0,0.0,0.0,0.0,0.0,0,0.0,0.0,0.0,0,0,0.0,0.0,0.0,0,0,0.0,0.0,2024-09-06,0.0,0,0.0,0,0.0,0,0.0,0,0.0,0,0.0,0,0.0,0,0.0,0,0.0,0,0.0,0,0.0,0.0,0,0.0,0,0.0,0,0.0,0,0.0,0.0,0.0,0.0,0.0,0.0,0.0,0.0,0.0,2025-09
2025-09-07,0.0,0.0,0.0,0.0,0.0,0.0,0.0,0.0,0.0,0,0.0,0.0,0.0,0,0,0.0,0.0,0.0,0,0,0.0,0.0,2024-09-07,0.0,0,0.0,0,0.0,0,0.0,0,0.0,0,0.0,0,0.0,0,0.0,0,0.0,0,0.0,0,0.0,0.0,0,0.0,0,0.0,0,0.0,0,0.0,0.0,0.0,0.0,0.0,0.0,0.0,0.0,0.0,2025-09
2025-09-08,0.0,0.0,0.0,0.0,0.0,0.0,0.0,0.0,0.0,0,0.0,0.0,0.0,0,0,0.0,0.0,0.0,0,0,0.0,0.0,2024-09-08,0.0,0,0.0,0,0.0,0,0.0,0,0.0,0,0.0,0,0.0,0,0.0,0,0.0,0,0.0,0,0.0,0.0,0,0.0,0,0.0,0,0.0,0,0.0,0.0,0.0,0.0,0.0,0.0,0.0,0.0,0.0,2025-09
2025-09-09,0.0,0.0,0.0,0.0,0.0,0.0,0.0,0.0,0.0,0,0.0,0.0,0.0,0,0,0.0,0.0,0.0,0,0,0.0,0.0,2024-09-09,0.0,0,0.0,0,0.0,0,0.0,0,0.0,0,0.0,0,0.0,0,0.0,0,0.0,0,0.0,0,0.0,0.0,0,0.0,0,0.0,0,0.0,0,0.0,0.0,0.0,0.0,0.0,0.0,0.0,0.0,0.0,2025-09
2025-09-10,0.0,0.0,0.0,0.0,0.0,0.0,0.0,0.0,0.0,0,0.0,0.0,0.0,0,0,0.0,0.0,0.0,0,0,0.0,0.0,2024-09-10,0.0,0,0.0,0,0.0,0,0.0,0,0.0,0,0.0,0,0.0,0,0.0,0,0.0,0,0.0,0,0.0,0.0,0,0.0,0,0.0,0,0.0,0,0.0,0.0,0.0,0.0,0.0,0.0,0.0,0.0,0.0,2025-09
2025-09-11,0.0,0.0,0.0,0.0,0.0,0.0,0.0,0.0,0.0,0,0.0,0.0,0.0,0,0,0.0,0.0,0.0,0,0,0.0,0.0,2024-09-11,0.0,0,0.0,0,0.0,0,0.0,0,0.0,0,0.0,0,0.0,0,0.0,0,0.0,0,0.0,0,0.0,0.0,0,0.0,0,0.0,0,0.0,0,0.0,0.0,0.0,0.0,0.0,0.0,0.0,0.0,0.0,2025-09
2025-09-12,0.0,0.0,0.0,0.0,0.0,0.0,0.0,0.0,0.0,0,0.0,0.0,0.0,0,0,0.0,0.0,0.0,0,0,0.0,0.0,2024-09-12,0.0,0,0.0,0,0.0,0,0.0,0,0.0,0,0.0,0,0.0,0,0.0,0,0.0,0,0.0,0,0.0,0.0,0,0.0,0,0.0,0,0.0,0,0.0,0.0,0.0,0.0,0.0,0.0,0.0,0.0,0.0,2025-09
2025-09-13,0.0,0.0,0.0,0.0,0.0,0.0,0.0,0.0,0.0,0,0.0,0.0,0.0,0,0,0.0,0.0,0.0,0,0,0.0,0.0,2024-09-13,0.0,0,0.0,0,0.0,0,0.0,0,0.0,0,0.0,0,0.0,0,0.0,0,0.0,0,0.0,0,0.0,0.0,0,0.0,0,0.0,0,0.0,0,0.0,0.0,0.0,0.0,0.0,0.0,0.0,0.0,0.0,2025-09
2025-09-14,0.0,0.0,0.0,0.0,0.0,0.0,0.0,0.0,0.0,0,0.0,0.0,0.0,0,0,0.0,0.0,0.0,0,0,0.0,0.0,2024-09-14,0.0,0,0.0,0,0.0,0,0.0,0,0.0,0,0.0,0,0.0,0,0.0,0,0.0,0,0.0,0,0.0,0.0,0,0.0,0,0.0,0,0.0,0,0.0,0.0,0.0,0.0,0.0,0.0,0.0,0.0,0.0,2025-09
2025-09-15,0.0,0.0,0.0,0.0,0.0,0.0,0.0,0.0,0.0,0,0.0,0.0,0.0,0,0,0.0,0.0,0.0,0,0,0.0,0.0,2024-09-15,0.0,0,0.0,0,0.0,0,0.0,0,0.0,0,0.0,0,0.0,0,0.0,0,0.0,0,0.0,0,0.0,0.0,0,0.0,0,0.0,0,0.0,0,0.0,0.0,0.0,0.0,0.0,0.0,0.0,0.0,0.0,2025-09
2025-09-16,0.0,0.0,0.0,0.0,0.0,0.0,0.0,0.0,0.0,0,0.0,0.0,0.0,0,0,0.0,0.0,0.0,0,0,0.0,0.0,2024-09-16,0.0,0,0.0,0,0.0,0,0.0,0,0.0,0,0.0,0,0.0,0,0.0,0,0.0,0,0.0,0,0.0,0.0,0,0.0,0,0.0,0,0.0,0,0.0,0.0,0.0,0.0,0.0,0.0,0.0,0.0,0.0,2025-09
2025-09-17,0.0,0.0,0.0,0.0,0.0,0.0,0.0,0.0,0.0,0,0.0,0.0,0.0,0,0,0.0,0.0,0.0,0,0,0.0,0.0,2024-09-17,0.0,0,0.0,0,0.0,0,0.0,0,0.0,0,0.0,0,0.0,0,0.0,0,0.0,0,0.0,0,0.0,0.0,0,0.0,0,0.0,0,0.0,0,0.0,0.0,0.0,0.0,0.0,0.0,0.0,0.0,0.0,2025-09
2025-09-18,0.0,0.0,0.0,0.0,0.0,0.0,0.0,0.0,0.0,0,0.0,0.0,0.0,0,0,0.0,0.0,0.0,0,0,0.0,0.0,2024-09-18,0.0,0,0.0,0,0.0,0,0.0,0,0.0,0,0.0,0,0.0,0,0.0,0,0.0,0,0.0,0,0.0,0.0,0,0.0,0,0.0,0,0.0,0,0.0,0.0,0.0,0.0,0.0,0.0,0.0,0.0,0.0,2025-09
2025-09-19,0.0,0.0,0.0,0.0,0.0,0.0,0.0,0.0,0.0,0,0.0,0.0,0.0,0,0,0.0,0.0,0.0,0,0,0.0,0.0,2024-09-19,0.0,0,0.0,0,0.0,0,0.0,0,0.0,0,0.0,0,0.0,0,0.0,0,0.0,0,0.0,0,0.0,0.0,0,0.0,0,0.0,0,0.0,0,0.0,0.0,0.0,0.0,0.0,0.0,0.0,0.0,0.0,2025-09
2025-09-20,0.0,0.0,0.0,0.0,0.0,0.0,0.0,0.0,0.0,0,0.0,0.0,0.0,0,0,0.0,0.0,0.0,0,0,0.0,0.0,2024-09-20,0.0,0,0.0,0,0.0,0,0.0,0,0.0,0,0.0,0,0.0,0,0.0,0,0.0,0,0.0,0,0.0,0.0,0,0.0,0,0.0,0,0.0,0,0.0,0.0,0.0,0.0,0.0,0.0,0.0,0.0,0.0,2025-09
2025-09-21,0.0,0.0,0.0,0.0,0.0,0.0,0.0,0.0,0.0,0,0.0,0.0,0.0,0,0,0.0,0.0,0.0,0,0,0.0,0.0,2024-09-21,0.0,0,0.0,0,0.0,0,0.0,0,0.0,0,0.0,0,0.0,0,0.0,0,0.0,0,0.0,0,0.0,0.0,0,0.0,0,0.0,0,0.0,0,0.0,0.0,0.0,0.0,0.0,0.0,0.0,0.0,0.0,2025-09
2025-09-22,0.0,0.0,0.0,0.0,0.0,0.0,0.0,0.0,0.0,0,0.0,0.0,0.0,0,0,0.0,0.0,0.0,0,0,0.0,0.0,2024-09-22,0.0,0,0.0,0,0.0,0,0.0,0,0.0,0,0.0,0,0.0,0,0.0,0,0.0,0,0.0,0,0.0,0.0,0,0.0,0,0.0,0,0.0,0,0.0,0.0,0.0,0.0,0.0,0.0,0.0,0.0,0.0,2025-09
2025-09-23,0.0,0.0,0.0,0.0,0.0,0.0,0.0,0.0,0.0,0,0.0,0.0,0.0,0,0,0.0,0.0,0.0,0,0,0.0,0.0,2024-09-23,0.0,0,0.0,0,0.0,0,0.0,0,0.0,0,0.0,0,0.0,0,0.0,0,0.0,0,0.0,0,0.0,0.0,0,0.0,0,0.0,0,0.0,0,0.0,0.0,0.0,0.0,0.0,0.0,0.0,0.0,0.0,2025-09
2025-09-24,0.0,0.0,0.0,0.0,0.0,0.0,0.0,0.0,0.0,0,0.0,0.0,0.0,0,0,0.0,0.0,0.0,0,0,0.0,0.0,2024-09-24,0.0,0,0.0,0,0.0,0,0.0,0,0.0,0,0.0,0,0.0,0,0.0,0,0.0,0,0.0,0,0.0,0.0,0,0.0,0,0.0,0,0.0,0,0.0,0.0,0.0,0.0,0.0,0.0,0.0,0.0,0.0,2025-09
2025-09-25,0.0,0.0,0.0,0.0,0.0,0.0,0.0,0.0,0.0,0,0.0,0.0,0.0,0,0,0.0,0.0,0.0,0,0,0.0,0.0,2024-09-25,0.0,0,0.0,0,0.0,0,0.0,0,0.0,0,0.0,0,0.0,0,0.0,0,0.0,0,0.0,0,0.0,0.0,0,0.0,0,0.0,0,0.0,0,0.0,0.0,0.0,0.0,0.0,0.0,0.0,0.0,0.0,2025-09
2025-09-26,0.0,0.0,0.0,0.0,0.0,0.0,0.0,0.0,0.0,0,0.0,0.0,0.0,0,0,0.0,0.0,0.0,0,0,0.0,0.0,2024-09-26,0.0,0,0.0,0,0.0,0,0.0,0,0.0,0,0.0,0,0.0,0,0.0,0,0.0,0,0.0,0,0.0,0.0,0,0.0,0,0.0,0,0.0,0,0.0,0.0,0.0,0.0,0.0,0.0,0.0,0.0,0.0,2025-09
2025-09-27,0.0,0.0,0.0,0.0,0.0,0.0,0.0,0.0,0.0,0,0.0,0.0,0.0,0,0,0.0,0.0,0.0,0,0,0.0,0.0,2024-09-27,0.0,0,0.0,0,0.0,0,0.0,0,0.0,0,0.0,0,0.0,0,0.0,0,0.0,0,0.0,0,0.0,0.0,0,0.0,0,0.0,0,0.0,0,0.0,0.0,0.0,0.0,0.0,0.0,0.0,0.0,0.0,2025-09
2025-09-28,0.0,0.0,0.0,0.0,0.0,0.0,0.0,0.0,0.0,0,0.0,0.0,0.0,0,0,0.0,0.0,0.0,0,0,0.0,0.0,2024-09-28,0.0,0,0.0,0,0.0,0,0.0,0,0.0,0,0.0,0,0.0,0,0.0,0,0.0,0,0.0,0,0.0,0.0,0,0.0,0,0.0,0,0.0,0,0.0,0.0,0.0,0.0,0.0,0.0,0.0,0.0,0.0,2025-09
2025-09-29,0.0,0.0,0.0,0.0,0.0,0.0,0.0,0.0,0.0,0,0.0,0.0,0.0,0,0,0.0,0.0,0.0,0,0,0.0,0.0,2024-09-29,0.0,0,0.0,0,0.0,0,0.0,0,0.0,0,0.0,0,0.0,0,0.0,0,0.0,0,0.0,0,0.0,0.0,0,0.0,0,0.0,0,0.0,0,0.0,0.0,0.0,0.0,0.0,0.0,0.0,0.0,0.0,2025-09
2025-09-30,0.0,0.0,0.0,0.0,0.0,0.0,0.0,0.0,0.0,0,0.0,0.0,0.0,0,0,0.0,0.0,0.0,0,0,0.0,0.0,2024-09-30,0.0,0,0.0,0,0.0,0,0.0,0,0.0,0,0.0,0,0.0,0,0.0,0,0.0,0,0.0,0,0.0,0.0,0,0.0,0,0.0,0,0.0,0,0.0,0.0,0.0,0.0,0.0,0.0,0.0,0.0,0.0,2025-09
2025-10-01,0.0,0.0,0.0,0.0,0.0,0.0,0.0,0.0,0.0,0,0.0,0.0,0.0,0,0,0.0,0.0,0.0,0,0,0.0,0.0,2024-01-01,0.0,0,0.0,0,0.0,0,0.0,0,0.0,0,0.0,0,0.0,0,0.0,0,0.0,0,0.0,0,0.0,0.0,0,0.0,0,0.0,0,0.0,0,0.0,0.0,0.0,0.0,0.0,0.0,0.0,0.0,0.0,2025-10
2025-10-02,0.0,0.0,0.0,0.0,0.0,0.0,0.0,0.0,0.0,0,0.0,0.0,0.0,0,0,0.0,0.0,0.0,0,0,0.0,0.0,2024-01-02,0.0,0,0.0,0,0.0,0,0.0,0,0.0,0,0.0,0,0.0,0,0.0,0,0.0,0,0.0,0,0.0,0.0,0,0.0,0,0.0,0,0.0,0,0.0,0.0,0.0,0.0,0.0,0.0,0.0,0.0,0.0,2025-10
2025-10-03,0.0,0.0,0.0,0.0,0.0,0.0,0.0,0.0,0.0,0,0.0,0.0,0.0,0,0,0.0,0.0,0.0,0,0,0.0,0.0,2024-01-03,0.0,0,0.0,0,0.0,0,0.0,0,0.0,0,0.0,0,0.0,0,0.0,0,0.0,0,0.0,0,0.0,0.0,0,0.0,0,0.0,0,0.0,0,0.0,0.0,0.0,0.0,0.0,0.0,0.0,0.0,0.0,2025-10
2025-10-04,0.0,0.0,0.0,0.0,0.0,0.0,0.0,0.0,0.0,0,0.0,0.0,0.0,0,0,0.0,0.0,0.0,0,0,0.0,0.0,2024-01-04,0.0,0,0.0,0,0.0,0,0.0,0,0.0,0,0.0,0,0.0,0,0.0,0,0.0,0,0.0,0,0.0,0.0,0,0.0,0,0.0,0,0.0,0,0.0,0.0,0.0,0.0,0.0,0.0,0.0,0.0,0.0,2025-10
2025-10-05,0.0,0.0,0.0,0.0,0.0,0.0,0.0,0.0,0.0,0,0.0,0.0,0.0,0,0,0.0,0.0,0.0,0,0,0.0,0.0,2024-01-05,0.0,0,0.0,0,0.0,0,0.0,0,0.0,0,0.0,0,0.0,0,0.0,0,0.0,0,0.0,0,0.0,0.0,0,0.0,0,0.0,0,0.0,0,0.0,0.0,0.0,0.0,0.0,0.0,0.0,0.0,0.0,2025-10
2025-10-06,0.0,0.0,0.0,0.0,0.0,0.0,0.0,0.0,0.0,0,0.0,0.0,0.0,0,0,0.0,0.0,0.0,0,0,0.0,0.0,2024-01-06,0.0,0,0.0,0,0.0,0,0.0,0,0.0,0,0.0,0,0.0,0,0.0,0,0.0,0,0.0,0,0.0,0.0,0,0.0,0,0.0,0,0.0,0,0.0,0.0,0.0,0.0,0.0,0.0,0.0,0.0,0.0,2025-10
2025-10-07,0.0,0.0,0.0,0.0,0.0,0.0,0.0,0.0,0.0,0,0.0,0.0,0.0,0,0,0.0,0.0,0.0,0,0,0.0,0.0,2024-01-07,0.0,0,0.0,0,0.0,0,0.0,0,0.0,0,0.0,0,0.0,0,0.0,0,0.0,0,0.0,0,0.0,0.0,0,0.0,0,0.0,0,0.0,0,0.0,0.0,0.0,0.0,0.0,0.0,0.0,0.0,0.0,2025-10
2025-10-08,0.0,0.0,0.0,0.0,0.0,0.0,0.0,0.0,0.0,0,0.0,0.0,0.0,0,0,0.0,0.0,0.0,0,0,0.0,0.0,2024-01-08,0.0,0,0.0,0,0.0,0,0.0,0,0.0,0,0.0,0,0.0,0,0.0,0,0.0,0,0.0,0,0.0,0.0,0,0.0,0,0.0,0,0.0,0,0.0,0.0,0.0,0.0,0.0,0.0,0.0,0.0,0.0,2025-10
2025-10-09,0.0,0.0,0.0,0.0,0.0,0.0,0.0,0.0,0.0,0,0.0,0.0,0.0,0,0,0.0,0.0,0.0,0,0,0.0,0.0,2024-01-09,0.0,0,0.0,0,0.0,0,0.0,0,0.0,0,0.0,0,0.0,0,0.0,0,0.0,0,0.0,0,0.0,0.0,0,0.0,0,0.0,0,0.0,0,0.0,0.0,0.0,0.0,0.0,0.0,0.0,0.0,0.0,2025-10
2025-10-10,0.0,0.0,0.0,0.0,0.0,0.0,0.0,0.0,0.0,0,0.0,0.0,0.0,0,0,0.0,0.0,0.0,0,0,0.0,0.0,2024-01-10,0.0,0,0.0,0,0.0,0,0.0,0,0.0,0,0.0,0,0.0,0,0.0,0,0.0,0,0.0,0,0.0,0.0,0,0.0,0,0.0,0,0.0,0,0.0,0.0,0.0,0.0,0.0,0.0,0.0,0.0,0.0,2025-10
2025-10-11,0.0,0.0,0.0,0.0,0.0,0.0,0.0,0.0,0.0,0,0.0,0.0,0.0,0,0,0.0,0.0,0.0,0,0,0.0,0.0,2024-01-11,0.0,0,0.0,0,0.0,0,0.0,0,0.0,0,0.0,0,0.0,0,0.0,0,0.0,0,0.0,0,0.0,0.0,0,0.0,0,0.0,0,0.0,0,0.0,0.0,0.0,0.0,0.0,0.0,0.0,0.0,0.0,2025-10
2025-10-12,0.0,0.0,0.0,0.0,0.0,0.0,0.0,0.0,0.0,0,0.0,0.0,0.0,0,0,0.0,0.0,0.0,0,0,0.0,0.0,2024-01-12,0.0,0,0.0,0,0.0,0,0.0,0,0.0,0,0.0,0,0.0,0,0.0,0,0.0,0,0.0,0,0.0,0.0,0,0.0,0,0.0,0,0.0,0,0.0,0.0,0.0,0.0,0.0,0.0,0.0,0.0,0.0,2025-10
2025-10-13,0.0,0.0,0.0,0.0,0.0,0.0,0.0,0.0,0.0,0,0.0,0.0,0.0,0,0,0.0,0.0,0.0,0,0,0.0,0.0,2024-01-13,0.0,0,0.0,0,0.0,0,0.0,0,0.0,0,0.0,0,0.0,0,0.0,0,0.0,0,0.0,0,0.0,0.0,0,0.0,0,0.0,0,0.0,0,0.0,0.0,0.0,0.0,0.0,0.0,0.0,0.0,0.0,2025-10
2025-10-14,0.0,0.0,0.0,0.0,0.0,0.0,0.0,0.0,0.0,0,0.0,0.0,0.0,0,0,0.0,0.0,0.0,0,0,0.0,0.0,2024-01-14,0.0,0,0.0,0,0.0,0,0.0,0,0.0,0,0.0,0,0.0,0,0.0,0,0.0,0,0.0,0,0.0,0.0,0,0.0,0,0.0,0,0.0,0,0.0,0.0,0.0,0.0,0.0,0.0,0.0,0.0,0.0,2025-10
2025-10-15,0.0,0.0,0.0,0.0,0.0,0.0,0.0,0.0,0.0,0,0.0,0.0,0.0,0,0,0.0,0.0,0.0,0,0,0.0,0.0,2024-01-15,0.0,0,0.0,0,0.0,0,0.0,0,0.0,0,0.0,0,0.0,0,0.0,0,0.0,0,0.0,0,0.0,0.0,0,0.0,0,0.0,0,0.0,0,0.0,0.0,0.0,0.0,0.0,0.0,0.0,0.0,0.0,2025-10
2025-10-16,0.0,0.0,0.0,0.0,0.0,0.0,0.0,0.0,0.0,0,0.0,0.0,0.0,0,0,0.0,0.0,0.0,0,0,0.0,0.0,2024-01-16,0.0,0,0.0,0,0.0,0,0.0,0,0.0,0,0.0,0,0.0,0,0.0,0,0.0,0,0.0,0,0.0,0.0,0,0.0,0,0.0,0,0.0,0,0.0,0.0,0.0,0.0,0.0,0.0,0.0,0.0,0.0,2025-10
2025-10-17,0.0,0.0,0.0,0.0,0.0,0.0,0.0,0.0,0.0,0,0.0,0.0,0.0,0,0,0.0,0.0,0.0,0,0,0.0,0.0,2024-01-17,0.0,0,0.0,0,0.0,0,0.0,0,0.0,0,0.0,0,0.0,0,0.0,0,0.0,0,0.0,0,0.0,0.0,0,0.0,0,0.0,0,0.0,0,0.0,0.0,0.0,0.0,0.0,0.0,0.0,0.0,0.0,2025-10
2025-10-18,0.0,0.0,0.0,0.0,0.0,0.0,0.0,0.0,0.0,0,0.0,0.0,0.0,0,0,0.0,0.0,0.0,0,0,0.0,0.0,2024-01-18,0.0,0,0.0,0,0.0,0,0.0,0,0.0,0,0.0,0,0.0,0,0.0,0,0.0,0,0.0,0,0.0,0.0,0,0.0,0,0.0,0,0.0,0,0.0,0.0,0.0,0.0,0.0,0.0,0.0,0.0,0.0,2025-10
2025-10-19,0.0,0.0,0.0,0.0,0.0,0.0,0.0,0.0,0.0,0,0.0,0.0,0.0,0,0,0.0,0.0,0.0,0,0,0.0,0.0,2024-01-19,0.0,0,0.0,0,0.0,0,0.0,0,0.0,0,0.0,0,0.0,0,0.0,0,0.0,0,0.0,0,0.0,0.0,0,0.0,0,0.0,0,0.0,0,0.0,0.0,0.0,0.0,0.0,0.0,0.0,0.0,0.0,2025-10
2025-10-20,0.0,0.0,0.0,0.0,0.0,0.0,0.0,0.0,0.0,0,0.0,0.0,0.0,0,0,0.0,0.0,0.0,0,0,0.0,0.0,2024-01-20,0.0,0,0.0,0,0.0,0,0.0,0,0.0,0,0.0,0,0.0,0,0.0,0,0.0,0,0.0,0,0.0,0.0,0,0.0,0,0.0,0,0.0,0,0.0,0.0,0.0,0.0,0.0,0.0,0.0,0.0,0.0,2025-10
2025-10-21,0.0,0.0,0.0,0.0,0.0,0.0,0.0,0.0,0.0,0,0.0,0.0,0.0,0,0,0.0,0.0,0.0,0,0,0.0,0.0,2024-01-21,0.0,0,0.0,0,0.0,0,0.0,0,0.0,0,0.0,0,0.0,0,0.0,0,0.0,0,0.0,0,0.0,0.0,0,0.0,0,0.0,0,0.0,0,0.0,0.0,0.0,0.0,0.0,0.0,0.0,0.0,0.0,2025-10
2025-10-22,0.0,0.0,0.0,0.0,0.0,0.0,0.0,0.0,0.0,0,0.0,0.0,0.0,0,0,0.0,0.0,0.0,0,0,0.0,0.0,2024-01-22,0.0,0,0.0,0,0.0,0,0.0,0,0.0,0,0.0,0,0.0,0,0.0,0,0.0,0,0.0,0,0.0,0.0,0,0.0,0,0.0,0,0.0,0,0.0,0.0,0.0,0.0,0.0,0.0,0.0,0.0,0.0,2025-10
2025-10-23,0.0,0.0,0.0,0.0,0.0,0.0,0.0,0.0,0.0,0,0.0,0.0,0.0,0,0,0.0,0.0,0.0,0,0,0.0,0.0,2024-01-23,0.0,0,0.0,0,0.0,0,0.0,0,0.0,0,0.0,0,0.0,0,0.0,0,0.0,0,0.0,0,0.0,0.0,0,0.0,0,0.0,0,0.0,0,0.0,0.0,0.0,0.0,0.0,0.0,0.0,0.0,0.0,2025-10
2025-10-24,0.0,0.0,0.0,0.0,0.0,0.0,0.0,0.0,0.0,0,0.0,0.0,0.0,0,0,0.0,0.0,0.0,0,0,0.0,0.0,2024-01-24,0.0,0,0.0,0,0.0,0,0.0,0,0.0,0,0.0,0,0.0,0,0.0,0,0.0,0,0.0,0,0.0,0.0,0,0.0,0,0.0,0,0.0,0,0.0,0.0,0.0,0.0,0.0,0.0,0.0,0.0,0.0,2025-10
2025-10-25,0.0,0.0,0.0,0.0,0.0,0.0,0.0,0.0,0.0,0,0.0,0.0,0.0,0,0,0.0,0.0,0.0,0,0,0.0,0.0,2024-01-25,0.0,0,0.0,0,0.0,0,0.0,0,0.0,0,0.0,0,0.0,0,0.0,0,0.0,0,0.0,0,0.0,0.0,0,0.0,0,0.0,0,0.0,0,0.0,0.0,0.0,0.0,0.0,0.0,0.0,0.0,0.0,2025-10
2025-10-26,0.0,0.0,0.0,0.0,0.0,0.0,0.0,0.0,0.0,0,0.0,0.0,0.0,0,0,0.0,0.0,0.0,0,0,0.0,0.0,2024-01-26,0.0,0,0.0,0,0.0,0,0.0,0,0.0,0,0.0,0,0.0,0,0.0,0,0.0,0,0.0,0,0.0,0.0,0,0.0,0,0.0,0,0.0,0,0.0,0.0,0.0,0.0,0.0,0.0,0.0,0.0,0.0,2025-10
2025-10-27,0.0,0.0,0.0,0.0,0.0,0.0,0.0,0.0,0.0,0,0.0,0.0,0.0,0,0,0.0,0.0,0.0,0,0,0.0,0.0,2024-01-27,0.0,0,0.0,0,0.0,0,0.0,0,0.0,0,0.0,0,0.0,0,0.0,0,0.0,0,0.0,0,0.0,0.0,0,0.0,0,0.0,0,0.0,0,0.0,0.0,0.0,0.0,0.0,0.0,0.0,0.0,0.0,2025-10
2025-10-28,0.0,0.0,0.0,0.0,0.0,0.0,0.0,0.0,0.0,0,0.0,0.0,0.0,0,0,0.0,0.0,0.0,0,0,0.0,0.0,2024-01-28,0.0,0,0.0,0,0.0,0,0.0,0,0.0,0,0.0,0,0.0,0,0.0,0,0.0,0,0.0,0,0.0,0.0,0,0.0,0,0.0,0,0.0,0,0.0,0.0,0.0,0.0,0.0,0.0,0.0,0.0,0.0,2025-10
2025-10-29,0.0,0.0,0.0,0.0,0.0,0.0,0.0,0.0,0.0,0,0.0,0.0,0.0,0,0,0.0,0.0,0.0,0,0,0.0,0.0,2024-01-29,0.0,0,0.0,0,0.0,0,0.0,0,0.0,0,0.0,0,0.0,0,0.0,0,0.0,0,0.0,0,0.0,0.0,0,0.0,0,0.0,0,0.0,0,0.0,0.0,0.0,0.0,0.0,0.0,0.0,0.0,0.0,2025-10
2025-10-30,0.0,0.0,0.0,0.0,0.0,0.0,0.0,0.0,0.0,0,0.0,0.0,0.0,0,0,0.0,0.0,0.0,0,0,0.0,0.0,2024-01-30,0.0,0,0.0,0,0.0,0,0.0,0,0.0,0,0.0,0,0.0,0,0.0,0,0.0,0,0.0,0,0.0,0.0,0,0.0,0,0.0,0,0.0,0,0.0,0.0,0.0,0.0,0.0,0.0,0.0,0.0,0.0,2025-10
2025-10-31,0.0,0.0,0.0,0.0,0.0,0.0,0.0,0.0,0.0,0,0.0,0.0,0.0,0,0,0.0,0.0,0.0,0,0,0.0,0.0,2024-01-31,0.0,0,0.0,0,0.0,0,0.0,0,0.0,0,0.0,0,0.0,0,0.0,0,0.0,0,0.0,0,0.0,0.0,0,0.0,0,0.0,0,0.0,0,0.0,0.0,0.0,0.0,0.0,0.0,0.0,0.0,0.0,2025-10
2025-11-01,0.0,0.0,0.0,0.0,0.0,0.0,0.0,0.0,0.0,0,0.0,0.0,0.0,0,0,0.0,0.0,0.0,0,0,0.0,0.0,2024-01-01,0.0,0,0.0,0,0.0,0,0.0,0,0.0,0,0.0,0,0.0,0,0.0,0,0.0,0,0.0,0,0.0,0.0,0,0.0,0,0.0,0,0.0,0,0.0,0.0,0.0,0.0,0.0,0.0,0.0,0.0,0.0,2025-11
2025-11-02,0.0,0.0,0.0,0.0,0.0,0.0,0.0,0.0,0.0,0,0.0,0.0,0.0,0,0,0.0,0.0,0.0,0,0,0.0,0.0,2024-01-02,0.0,0,0.0,0,0.0,0,0.0,0,0.0,0,0.0,0,0.0,0,0.0,0,0.0,0,0.0,0,0.0,0.0,0,0.0,0,0.0,0,0.0,0,0.0,0.0,0.0,0.0,0.0,0.0,0.0,0.0,0.0,2025-11
2025-11-03,0.0,0.0,0.0,0.0,0.0,0.0,0.0,0.0,0.0,0,0.0,0.0,0.0,0,0,0.0,0.0,0.0,0,0,0.0,0.0,2024-01-03,0.0,0,0.0,0,0.0,0,0.0,0,0.0,0,0.0,0,0.0,0,0.0,0,0.0,0,0.0,0,0.0,0.0,0,0.0,0,0.0,0,0.0,0,0.0,0.0,0.0,0.0,0.0,0.0,0.0,0.0,0.0,2025-11
2025-11-04,0.0,0.0,0.0,0.0,0.0,0.0,0.0,0.0,0.0,0,0.0,0.0,0.0,0,0,0.0,0.0,0.0,0,0,0.0,0.0,2024-01-04,0.0,0,0.0,0,0.0,0,0.0,0,0.0,0,0.0,0,0.0,0,0.0,0,0.0,0,0.0,0,0.0,0.0,0,0.0,0,0.0,0,0.0,0,0.0,0.0,0.0,0.0,0.0,0.0,0.0,0.0,0.0,2025-11
2025-11-05,0.0,0.0,0.0,0.0,0.0,0.0,0.0,0.0,0.0,0,0.0,0.0,0.0,0,0,0.0,0.0,0.0,0,0,0.0,0.0,2024-01-05,0.0,0,0.0,0,0.0,0,0.0,0,0.0,0,0.0,0,0.0,0,0.0,0,0.0,0,0.0,0,0.0,0.0,0,0.0,0,0.0,0,0.0,0,0.0,0.0,0.0,0.0,0.0,0.0,0.0,0.0,0.0,2025-11
2025-11-06,0.0,0.0,0.0,0.0,0.0,0.0,0.0,0.0,0.0,0,0.0,0.0,0.0,0,0,0.0,0.0,0.0,0,0,0.0,0.0,2024-01-06,0.0,0,0.0,0,0.0,0,0.0,0,0.0,0,0.0,0,0.0,0,0.0,0,0.0,0,0.0,0,0.0,0.0,0,0.0,0,0.0,0,0.0,0,0.0,0.0,0.0,0.0,0.0,0.0,0.0,0.0,0.0,2025-11
2025-11-07,0.0,0.0,0.0,0.0,0.0,0.0,0.0,0.0,0.0,0,0.0,0.0,0.0,0,0,0.0,0.0,0.0,0,0,0.0,0.0,2024-01-07,0.0,0,0.0,0,0.0,0,0.0,0,0.0,0,0.0,0,0.0,0,0.0,0,0.0,0,0.0,0,0.0,0.0,0,0.0,0,0.0,0,0.0,0,0.0,0.0,0.0,0.0,0.0,0.0,0.0,0.0,0.0,2025-11
2025-11-08,0.0,0.0,0.0,0.0,0.0,0.0,0.0,0.0,0.0,0,0.0,0.0,0.0,0,0,0.0,0.0,0.0,0,0,0.0,0.0,2024-01-08,0.0,0,0.0,0,0.0,0,0.0,0,0.0,0,0.0,0,0.0,0,0.0,0,0.0,0,0.0,0,0.0,0.0,0,0.0,0,0.0,0,0.0,0,0.0,0.0,0.0,0.0,0.0,0.0,0.0,0.0,0.0,2025-11
2025-11-09,0.0,0.0,0.0,0.0,0.0,0.0,0.0,0.0,0.0,0,0.0,0.0,0.0,0,0,0.0,0.0,0.0,0,0,0.0,0.0,2024-01-09,0.0,0,0.0,0,0.0,0,0.0,0,0.0,0,0.0,0,0.0,0,0.0,0,0.0,0,0.0,0,0.0,0.0,0,0.0,0,0.0,0,0.0,0,0.0,0.0,0.0,0.0,0.0,0.0,0.0,0.0,0.0,2025-11
2025-11-10,0.0,0.0,0.0,0.0,0.0,0.0,0.0,0.0,0.0,0,0.0,0.0,0.0,0,0,0.0,0.0,0.0,0,0,0.0,0.0,2024-01-10,0.0,0,0.0,0,0.0,0,0.0,0,0.0,0,0.0,0,0.0,0,0.0,0,0.0,0,0.0,0,0.0,0.0,0,0.0,0,0.0,0,0.0,0,0.0,0.0,0.0,0.0,0.0,0.0,0.0,0.0,0.0,2025-11
2025-11-11,0.0,0.0,0.0,0.0,0.0,0.0,0.0,0.0,0.0,0,0.0,0.0,0.0,0,0,0.0,0.0,0.0,0,0,0.0,0.0,2024-01-11,0.0,0,0.0,0,0.0,0,0.0,0,0.0,0,0.0,0,0.0,0,0.0,0,0.0,0,0.0,0,0.0,0.0,0,0.0,0,0.0,0,0.0,0,0.0,0.0,0.0,0.0,0.0,0.0,0.0,0.0,0.0,2025-11
2025-11-12,0.0,0.0,0.0,0.0,0.0,0.0,0.0,0.0,0.0,0,0.0,0.0,0.0,0,0,0.0,0.0,0.0,0,0,0.0,0.0,2024-01-12,0.0,0,0.0,0,0.0,0,0.0,0,0.0,0,0.0,0,0.0,0,0.0,0,0.0,0,0.0,0,0.0,0.0,0,0.0,0,0.0,0,0.0,0,0.0,0.0,0.0,0.0,0.0,0.0,0.0,0.0,0.0,2025-11
2025-11-13,0.0,0.0,0.0,0.0,0.0,0.0,0.0,0.0,0.0,0,0.0,0.0,0.0,0,0,0.0,0.0,0.0,0,0,0.0,0.0,2024-01-13,0.0,0,0.0,0,0.0,0,0.0,0,0.0,0,0.0,0,0.0,0,0.0,0,0.0,0,0.0,0,0.0,0.0,0,0.0,0,0.0,0,0.0,0,0.0,0.0,0.0,0.0,0.0,0.0,0.0,0.0,0.0,2025-11
2025-11-14,0.0,0.0,0.0,0.0,0.0,0.0,0.0,0.0,0.0,0,0.0,0.0,0.0,0,0,0.0,0.0,0.0,0,0,0.0,0.0,2024-01-14,0.0,0,0.0,0,0.0,0,0.0,0,0.0,0,0.0,0,0.0,0,0.0,0,0.0,0,0.0,0,0.0,0.0,0,0.0,0,0.0,0,0.0,0,0.0,0.0,0.0,0.0,0.0,0.0,0.0,0.0,0.0,2025-11
2025-11-15,0.0,0.0,0.0,0.0,0.0,0.0,0.0,0.0,0.0,0,0.0,0.0,0.0,0,0,0.0,0.0,0.0,0,0,0.0,0.0,2024-01-15,0.0,0,0.0,0,0.0,0,0.0,0,0.0,0,0.0,0,0.0,0,0.0,0,0.0,0,0.0,0,0.0,0.0,0,0.0,0,0.0,0,0.0,0,0.0,0.0,0.0,0.0,0.0,0.0,0.0,0.0,0.0,2025-11
2025-11-16,0.0,0.0,0.0,0.0,0.0,0.0,0.0,0.0,0.0,0,0.0,0.0,0.0,0,0,0.0,0.0,0.0,0,0,0.0,0.0,2024-01-16,0.0,0,0.0,0,0.0,0,0.0,0,0.0,0,0.0,0,0.0,0,0.0,0,0.0,0,0.0,0,0.0,0.0,0,0.0,0,0.0,0,0.0,0,0.0,0.0,0.0,0.0,0.0,0.0,0.0,0.0,0.0,2025-11
2025-11-17,0.0,0.0,0.0,0.0,0.0,0.0,0.0,0.0,0.0,0,0.0,0.0,0.0,0,0,0.0,0.0,0.0,0,0,0.0,0.0,2024-01-17,0.0,0,0.0,0,0.0,0,0.0,0,0.0,0,0.0,0,0.0,0,0.0,0,0.0,0,0.0,0,0.0,0.0,0,0.0,0,0.0,0,0.0,0,0.0,0.0,0.0,0.0,0.0,0.0,0.0,0.0,0.0,2025-11
2025-11-18,0.0,0.0,0.0,0.0,0.0,0.0,0.0,0.0,0.0,0,0.0,0.0,0.0,0,0,0.0,0.0,0.0,0,0,0.0,0.0,2024-01-18,0.0,0,0.0,0,0.0,0,0.0,0,0.0,0,0.0,0,0.0,0,0.0,0,0.0,0,0.0,0,0.0,0.0,0,0.0,0,0.0,0,0.0,0,0.0,0.0,0.0,0.0,0.0,0.0,0.0,0.0,0.0,2025-11
2025-11-19,0.0,0.0,0.0,0.0,0.0,0.0,0.0,0.0,0.0,0,0.0,0.0,0.0,0,0,0.0,0.0,0.0,0,0,0.0,0.0,2024-01-19,0.0,0,0.0,0,0.0,0,0.0,0,0.0,0,0.0,0,0.0,0,0.0,0,0.0,0,0.0,0,0.0,0.0,0,0.0,0,0.0,0,0.0,0,0.0,0.0,0.0,0.0,0.0,0.0,0.0,0.0,0.0,2025-11
2025-11-20,0.0,0.0,0.0,0.0,0.0,0.0,0.0,0.0,0.0,0,0.0,0.0,0.0,0,0,0.0,0.0,0.0,0,0,0.0,0.0,2024-01-20,0.0,0,0.0,0,0.0,0,0.0,0,0.0,0,0.0,0,0.0,0,0.0,0,0.0,0,0.0,0,0.0,0.0,0,0.0,0,0.0,0,0.0,0,0.0,0.0,0.0,0.0,0.0,0.0,0.0,0.0,0.0,2025-11
2025-11-21,0.0,0.0,0.0,0.0,0.0,0.0,0.0,0.0,0.0,0,0.0,0.0,0.0,0,0,0.0,0.0,0.0,0,0,0.0,0.0,2024-01-21,0.0,0,0.0,0,0.0,0,0.0,0,0.0,0,0.0,0,0.0,0,0.0,0,0.0,0,0.0,0,0.0,0.0,0,0.0,0,0.0,0,0.0,0,0.0,0.0,0.0,0.0,0.0,0.0,0.0,0.0,0.0,2025-11
2025-11-22,0.0,0.0,0.0,0.0,0.0,0.0,0.0,0.0,0.0,0,0.0,0.0,0.0,0,0,0.0,0.0,0.0,0,0,0.0,0.0,2024-01-22,0.0,0,0.0,0,0.0,0,0.0,0,0.0,0,0.0,0,0.0,0,0.0,0,0.0,0,0.0,0,0.0,0.0,0,0.0,0,0.0,0,0.0,0,0.0,0.0,0.0,0.0,0.0,0.0,0.0,0.0,0.0,2025-11
2025-11-23,0.0,0.0,0.0,0.0,0.0,0.0,0.0,0.0,0.0,0,0.0,0.0,0.0,0,0,0.0,0.0,0.0,0,0,0.0,0.0,2024-01-23,0.0,0,0.0,0,0.0,0,0.0,0,0.0,0,0.0,0,0.0,0,0.0,0,0.0,0,0.0,0,0.0,0.0,0,0.0,0,0.0,0,0.0,0,0.0,0.0,0.0,0.0,0.0,0.0,0.0,0.0,0.0,2025-11
2025-11-24,0.0,0.0,0.0,0.0,0.0,0.0,0.0,0.0,0.0,0,0.0,0.0,0.0,0,0,0.0,0.0,0.0,0,0,0.0,0.0,2024-01-24,0.0,0,0.0,0,0.0,0,0.0,0,0.0,0,0.0,0,0.0,0,0.0,0,0.0,0,0.0,0,0.0,0.0,0,0.0,0,0.0,0,0.0,0,0.0,0.0,0.0,0.0,0.0,0.0,0.0,0.0,0.0,2025-11
2025-11-25,0.0,0.0,0.0,0.0,0.0,0.0,0.0,0.0,0.0,0,0.0,0.0,0.0,0,0,0.0,0.0,0.0,0,0,0.0,0.0,2024-01-25,0.0,0,0.0,0,0.0,0,0.0,0,0.0,0,0.0,0,0.0,0,0.0,0,0.0,0,0.0,0,0.0,0.0,0,0.0,0,0.0,0,0.0,0,0.0,0.0,0.0,0.0,0.0,0.0,0.0,0.0,0.0,2025-11
2025-11-26,0.0,0.0,0.0,0.0,0.0,0.0,0.0,0.0,0.0,0,0.0,0.0,0.0,0,0,0.0,0.0,0.0,0,0,0.0,0.0,2024-01-26,0.0,0,0.0,0,0.0,0,0.0,0,0.0,0,0.0,0,0.0,0,0.0,0,0.0,0,0.0,0,0.0,0.0,0,0.0,0,0.0,0,0.0,0,0.0,0.0,0.0,0.0,0.0,0.0,0.0,0.0,0.0,2025-11
2025-11-27,0.0,0.0,0.0,0.0,0.0,0.0,0.0,0.0,0.0,0,0.0,0.0,0.0,0,0,0.0,0.0,0.0,0,0,0.0,0.0,2024-01-27,0.0,0,0.0,0,0.0,0,0.0,0,0.0,0,0.0,0,0.0,0,0.0,0,0.0,0,0.0,0,0.0,0.0,0,0.0,0,0.0,0,0.0,0,0.0,0.0,0.0,0.0,0.0,0.0,0.0,0.0,0.0,2025-11
2025-11-28,0.0,0.0,0.0,0.0,0.0,0.0,0.0,0.0,0.0,0,0.0,0.0,0.0,0,0,0.0,0.0,0.0,0,0,0.0,0.0,2024-01-28,0.0,0,0.0,0,0.0,0,0.0,0,0.0,0,0.0,0,0.0,0,0.0,0,0.0,0,0.0,0,0.0,0.0,0,0.0,0,0.0,0,0.0,0,0.0,0.0,0.0,0.0,0.0,0.0,0.0,0.0,0.0,2025-11
2025-11-29,0.0,0.0,0.0,0.0,0.0,0.0,0.0,0.0,0.0,0,0.0,0.0,0.0,0,0,0.0,0.0,0.0,0,0,0.0,0.0,2024-01-29,0.0,0,0.0,0,0.0,0,0.0,0,0.0,0,0.0,0,0.0,0,0.0,0,0.0,0,0.0,0,0.0,0.0,0,0.0,0,0.0,0,0.0,0,0.0,0.0,0.0,0.0,0.0,0.0,0.0,0.0,0.0,2025-11
2025-11-30,0.0,0.0,0.0,0.0,0.0,0.0,0.0,0.0,0.0,0,0.0,0.0,0.0,0,0,0.0,0.0,0.0,0,0,0.0,0.0,2024-01-30,0.0,0,0.0,0,0.0,0,0.0,0,0.0,0,0.0,0,0.0,0,0.0,0,0.0,0,0.0,0,0.0,0.0,0,0.0,0,0.0,0,0.0,0,0.0,0.0,0.0,0.0,0.0,0.0,0.0,0.0,0.0,2025-11
2025-12-01,0.0,0.0,0.0,0.0,0.0,0.0,0.0,0.0,0.0,0,0.0,0.0,0.0,0,0,0.0,0.0,0.0,0,0,0.0,0.0,2024-01-01,0.0,0,0.0,0,0.0,0,0.0,0,0.0,0,0.0,0,0.0,0,0.0,0,0.0,0,0.0,0,0.0,0.0,0,0.0,0,0.0,0,0.0,0,0.0,0.0,0.0,0.0,0.0,0.0,0.0,0.0,0.0,2025-12
2025-12-02,0.0,0.0,0.0,0.0,0.0,0.0,0.0,0.0,0.0,0,0.0,0.0,0.0,0,0,0.0,0.0,0.0,0,0,0.0,0.0,2024-01-02,0.0,0,0.0,0,0.0,0,0.0,0,0.0,0,0.0,0,0.0,0,0.0,0,0.0,0,0.0,0,0.0,0.0,0,0.0,0,0.0,0,0.0,0,0.0,0.0,0.0,0.0,0.0,0.0,0.0,0.0,0.0,2025-12
2025-12-03,0.0,0.0,0.0,0.0,0.0,0.0,0.0,0.0,0.0,0,0.0,0.0,0.0,0,0,0.0,0.0,0.0,0,0,0.0,0.0,2024-01-03,0.0,0,0.0,0,0.0,0,0.0,0,0.0,0,0.0,0,0.0,0,0.0,0,0.0,0,0.0,0,0.0,0.0,0,0.0,0,0.0,0,0.0,0,0.0,0.0,0.0,0.0,0.0,0.0,0.0,0.0,0.0,2025-12
2025-12-04,0.0,0.0,0.0,0.0,0.0,0.0,0.0,0.0,0.0,0,0.0,0.0,0.0,0,0,0.0,0.0,0.0,0,0,0.0,0.0,2024-01-04,0.0,0,0.0,0,0.0,0,0.0,0,0.0,0,0.0,0,0.0,0,0.0,0,0.0,0,0.0,0,0.0,0.0,0,0.0,0,0.0,0,0.0,0,0.0,0.0,0.0,0.0,0.0,0.0,0.0,0.0,0.0,2025-12
2025-12-05,0.0,0.0,0.0,0.0,0.0,0.0,0.0,0.0,0.0,0,0.0,0.0,0.0,0,0,0.0,0.0,0.0,0,0,0.0,0.0,2024-01-05,0.0,0,0.0,0,0.0,0,0.0,0,0.0,0,0.0,0,0.0,0,0.0,0,0.0,0,0.0,0,0.0,0.0,0,0.0,0,0.0,0,0.0,0,0.0,0.0,0.0,0.0,0.0,0.0,0.0,0.0,0.0,2025-12
2025-12-06,0.0,0.0,0.0,0.0,0.0,0.0,0.0,0.0,0.0,0,0.0,0.0,0.0,0,0,0.0,0.0,0.0,0,0,0.0,0.0,2024-01-06,0.0,0,0.0,0,0.0,0,0.0,0,0.0,0,0.0,0,0.0,0,0.0,0,0.0,0,0.0,0,0.0,0.0,0,0.0,0,0.0,0,0.0,0,0.0,0.0,0.0,0.0,0.0,0.0,0.0,0.0,0.0,2025-12
2025-12-07,0.0,0.0,0.0,0.0,0.0,0.0,0.0,0.0,0.0,0,0.0,0.0,0.0,0,0,0.0,0.0,0.0,0,0,0.0,0.0,2024-01-07,0.0,0,0.0,0,0.0,0,0.0,0,0.0,0,0.0,0,0.0,0,0.0,0,0.0,0,0.0,0,0.0,0.0,0,0.0,0,0.0,0,0.0,0,0.0,0.0,0.0,0.0,0.0,0.0,0.0,0.0,0.0,2025-12
2025-12-08,0.0,0.0,0.0,0.0,0.0,0.0,0.0,0.0,0.0,0,0.0,0.0,0.0,0,0,0.0,0.0,0.0,0,0,0.0,0.0,2024-01-08,0.0,0,0.0,0,0.0,0,0.0,0,0.0,0,0.0,0,0.0,0,0.0,0,0.0,0,0.0,0,0.0,0.0,0,0.0,0,0.0,0,0.0,0,0.0,0.0,0.0,0.0,0.0,0.0,0.0,0.0,0.0,2025-12
2025-12-09,0.0,0.0,0.0,0.0,0.0,0.0,0.0,0.0,0.0,0,0.0,0.0,0.0,0,0,0.0,0.0,0.0,0,0,0.0,0.0,2024-01-09,0.0,0,0.0,0,0.0,0,0.0,0,0.0,0,0.0,0,0.0,0,0.0,0,0.0,0,0.0,0,0.0,0.0,0,0.0,0,0.0,0,0.0,0,0.0,0.0,0.0,0.0,0.0,0.0,0.0,0.0,0.0,2025-12
2025-12-10,0.0,0.0,0.0,0.0,0.0,0.0,0.0,0.0,0.0,0,0.0,0.0,0.0,0,0,0.0,0.0,0.0,0,0,0.0,0.0,2024-01-10,0.0,0,0.0,0,0.0,0,0.0,0,0.0,0,0.0,0,0.0,0,0.0,0,0.0,0,0.0,0,0.0,0.0,0,0.0,0,0.0,0,0.0,0,0.0,0.0,0.0,0.0,0.0,0.0,0.0,0.0,0.0,2025-12
2025-12-11,0.0,0.0,0.0,0.0,0.0,0.0,0.0,0.0,0.0,0,0.0,0.0,0.0,0,0,0.0,0.0,0.0,0,0,0.0,0.0,2024-01-11,0.0,0,0.0,0,0.0,0,0.0,0,0.0,0,0.0,0,0.0,0,0.0,0,0.0,0,0.0,0,0.0,0.0,0,0.0,0,0.0,0,0.0,0,0.0,0.0,0.0,0.0,0.0,0.0,0.0,0.0,0.0,2025-12
2025-12-12,0.0,0.0,0.0,0.0,0.0,0.0,0.0,0.0,0.0,0,0.0,0.0,0.0,0,0,0.0,0.0,0.0,0,0,0.0,0.0,2024-01-12,0.0,0,0.0,0,0.0,0,0.0,0,0.0,0,0.0,0,0.0,0,0.0,0,0.0,0,0.0,0,0.0,0.0,0,0.0,0,0.0,0,0.0,0,0.0,0.0,0.0,0.0,0.0,0.0,0.0,0.0,0.0,2025-12
2025-12-13,0.0,0.0,0.0,0.0,0.0,0.0,0.0,0.0,0.0,0,0.0,0.0,0.0,0,0,0.0,0.0,0.0,0,0,0.0,0.0,2024-01-13,0.0,0,0.0,0,0.0,0,0.0,0,0.0,0,0.0,0,0.0,0,0.0,0,0.0,0,0.0,0,0.0,0.0,0,0.0,0,0.0,0,0.0,0,0.0,0.0,0.0,0.0,0.0,0.0,0.0,0.0,0.0,2025-12
2025-12-14,0.0,0.0,0.0,0.0,0.0,0.0,0.0,0.0,0.0,0,0.0,0.0,0.0,0,0,0.0,0.0,0.0,0,0,0.0,0.0,2024-01-14,0.0,0,0.0,0,0.0,0,0.0,0,0.0,0,0.0,0,0.0,0,0.0,0,0.0,0,0.0,0,0.0,0.0,0,0.0,0,0.0,0,0.0,0,0.0,0.0,0.0,0.0,0.0,0.0,0.0,0.0,0.0,2025-12
2025-12-15,0.0,0.0,0.0,0.0,0.0,0.0,0.0,0.0,0.0,0,0.0,0.0,0.0,0,0,0.0,0.0,0.0,0,0,0.0,0.0,2024-01-15,0.0,0,0.0,0,0.0,0,0.0,0,0.0,0,0.0,0,0.0,0,0.0,0,0.0,0,0.0,0,0.0,0.0,0,0.0,0,0.0,0,0.0,0,0.0,0.0,0.0,0.0,0.0,0.0,0.0,0.0,0.0,2025-12
2025-12-16,0.0,0.0,0.0,0.0,0.0,0.0,0.0,0.0,0.0,0,0.0,0.0,0.0,0,0,0.0,0.0,0.0,0,0,0.0,0.0,2024-01-16,0.0,0,0.0,0,0.0,0,0.0,0,0.0,0,0.0,0,0.0,0,0.0,0,0.0,0,0.0,0,0.0,0.0,0,0.0,0,0.0,0,0.0,0,0.0,0.0,0.0,0.0,0.0,0.0,0.0,0.0,0.0,2025-12
2025-12-17,0.0,0.0,0.0,0.0,0.0,0.0,0.0,0.0,0.0,0,0.0,0.0,0.0,0,0,0.0,0.0,0.0,0,0,0.0,0.0,2024-01-17,0.0,0,0.0,0,0.0,0,0.0,0,0.0,0,0.0,0,0.0,0,0.0,0,0.0,0,0.0,0,0.0,0.0,0,0.0,0,0.0,0,0.0,0,0.0,0.0,0.0,0.0,0.0,0.0,0.0,0.0,0.0,2025-12
2025-12-18,0.0,0.0,0.0,0.0,0.0,0.0,0.0,0.0,0.0,0,0.0,0.0,0.0,0,0,0.0,0.0,0.0,0,0,0.0,0.0,2024-01-18,0.0,0,0.0,0,0.0,0,0.0,0,0.0,0,0.0,0,0.0,0,0.0,0,0.0,0,0.0,0,0.0,0.0,0,0.0,0,0.0,0,0.0,0,0.0,0.0,0.0,0.0,0.0,0.0,0.0,0.0,0.0,2025-12
2025-12-19,0.0,0.0,0.0,0.0,0.0,0.0,0.0,0.0,0.0,0,0.0,0.0,0.0,0,0,0.0,0.0,0.0,0,0,0.0,0.0,2024-01-19,0.0,0,0.0,0,0.0,0,0.0,0,0.0,0,0.0,0,0.0,0,0.0,0,0.0,0,0.0,0,0.0,0.0,0,0.0,0,0.0,0,0.0,0,0.0,0.0,0.0,0.0,0.0,0.0,0.0,0.0,0.0,2025-12
2025-12-20,0.0,0.0,0.0,0.0,0.0,0.0,0.0,0.0,0.0,0,0.0,0.0,0.0,0,0,0.0,0.0,0.0,0,0,0.0,0.0,2024-01-20,0.0,0,0.0,0,0.0,0,0.0,0,0.0,0,0.0,0,0.0,0,0.0,0,0.0,0,0.0,0,0.0,0.0,0,0.0,0,0.0,0,0.0,0,0.0,0.0,0.0,0.0,0.0,0.0,0.0,0.0,0.0,2025-12
2025-12-21,0.0,0.0,0.0,0.0,0.0,0.0,0.0,0.0,0.0,0,0.0,0.0,0.0,0,0,0.0,0.0,0.0,0,0,0.0,0.0,2024-01-21,0.0,0,0.0,0,0.0,0,0.0,0,0.0,0,0.0,0,0.0,0,0.0,0,0.0,0,0.0,0,0.0,0.0,0,0.0,0,0.0,0,0.0,0,0.0,0.0,0.0,0.0,0.0,0.0,0.0,0.0,0.0,2025-12
2025-12-22,0.0,0.0,0.0,0.0,0.0,0.0,0.0,0.0,0.0,0,0.0,0.0,0.0,0,0,0.0,0.0,0.0,0,0,0.0,0.0,2024-01-22,0.0,0,0.0,0,0.0,0,0.0,0,0.0,0,0.0,0,0.0,0,0.0,0,0.0,0,0.0,0,0.0,0.0,0,0.0,0,0.0,0,0.0,0,0.0,0.0,0.0,0.0,0.0,0.0,0.0,0.0,0.0,2025-12
2025-12-23,0.0,0.0,0.0,0.0,0.0,0.0,0.0,0.0,0.0,0,0.0,0.0,0.0,0,0,0.0,0.0,0.0,0,0,0.0,0.0,2024-01-23,0.0,0,0.0,0,0.0,0,0.0,0,0.0,0,0.0,0,0.0,0,0.0,0,0.0,0,0.0,0,0.0,0.0,0,0.0,0,0.0,0,0.0,0,0.0,0.0,0.0,0.0,0.0,0.0,0.0,0.0,0.0,2025-12
2025-12-24,0.0,0.0,0.0,0.0,0.0,0.0,0.0,0.0,0.0,0,0.0,0.0,0.0,0,0,0.0,0.0,0.0,0,0,0.0,0.0,2024-01-24,0.0,0,0.0,0,0.0,0,0.0,0,0.0,0,0.0,0,0.0,0,0.0,0,0.0,0,0.0,0,0.0,0.0,0,0.0,0,0.0,0,0.0,0,0.0,0.0,0.0,0.0,0.0,0.0,0.0,0.0,0.0,2025-12
2025-12-25,0.0,0.0,0.0,0.0,0.0,0.0,0.0,0.0,0.0,0,0.0,0.0,0.0,0,0,0.0,0.0,0.0,0,0,0.0,0.0,2024-01-25,0.0,0,0.0,0,0.0,0,0.0,0,0.0,0,0.0,0,0.0,0,0.0,0,0.0,0,0.0,0,0.0,0.0,0,0.0,0,0.0,0,0.0,0,0.0,0.0,0.0,0.0,0.0,0.0,0.0,0.0,0.0,2025-12
2025-12-26,0.0,0.0,0.0,0.0,0.0,0.0,0.0,0.0,0.0,0,0.0,0.0,0.0,0,0,0.0,0.0,0.0,0,0,0.0,0.0,2024-01-26,0.0,0,0.0,0,0.0,0,0.0,0,0.0,0,0.0,0,0.0,0,0.0,0,0.0,0,0.0,0,0.0,0.0,0,0.0,0,0.0,0,0.0,0,0.0,0.0,0.0,0.0,0.0,0.0,0.0,0.0,0.0,2025-12
2025-12-27,0.0,0.0,0.0,0.0,0.0,0.0,0.0,0.0,0.0,0,0.0,0.0,0.0,0,0,0.0,0.0,0.0,0,0,0.0,0.0,2024-01-27,0.0,0,0.0,0,0.0,0,0.0,0,0.0,0,0.0,0,0.0,0,0.0,0,0.0,0,0.0,0,0.0,0.0,0,0.0,0,0.0,0,0.0,0,0.0,0.0,0.0,0.0,0.0,0.0,0.0,0.0,0.0,2025-12
2025-12-28,0.0,0.0,0.0,0.0,0.0,0.0,0.0,0.0,0.0,0,0.0,0.0,0.0,0,0,0.0,0.0,0.0,0,0,0.0,0.0,2024-01-28,0.0,0,0.0,0,0.0,0,0.0,0,0.0,0,0.0,0,0.0,0,0.0,0,0.0,0,0.0,0,0.0,0.0,0,0.0,0,0.0,0,0.0,0,0.0,0.0,0.0,0.0,0.0,0.0,0.0,0.0,0.0,2025-12
2025-12-29,0.0,0.0,0.0,0.0,0.0,0.0,0.0,0.0,0.0,0,0.0,0.0,0.0,0,0,0.0,0.0,0.0,0,0,0.0,0.0,2024-01-29,0.0,0,0.0,0,0.0,0,0.0,0,0.0,0,0.0,0,0.0,0,0.0,0,0.0,0,0.0,0,0.0,0.0,0,0.0,0,0.0,0,0.0,0,0.0,0.0,0.0,0.0,0.0,0.0,0.0,0.0,0.0,2025-12
2025-12-30,0.0,0.0,0.0,0.0,0.0,0.0,0.0,0.0,0.0,0,0.0,0.0,0.0,0,0,0.0,0.0,0.0,0,0,0.0,0.0,2024-01-30,0.0,0,0.0,0,0.0,0,0.0,0,0.0,0,0.0,0,0.0,0,0.0,0,0.0,0,0.0,0,0.0,0.0,0,0.0,0,0.0,0,0.0,0,0.0,0.0,0.0,0.0,0.0,0.0,0.0,0.0,0.0,2025-12
2025-12-31,0.0,0.0,0.0,0.0,0.0,0.0,0.0,0.0,0.0,0,0.0,0.0,0.0,0,0,0.0,0.0,0.0,0,0,0.0,0.0,2024-01-31,0.0,0,0.0,0,0.0,0,0.0,0,0.0,0,0.0,0,0.0,0,0.0,0,0.0,0,0.0,0,0.0,0.0,0,0.0,0,0.0,0,0.0,0,0.0,0.0,0.0,0.0,0.0,0.0,0.0,0.0,0.0,2025-12
